region,district,R,F,M,total_restaurants,population,R_scaled,F_scaled,M_scaled,cluster,cluster_name,potential_score,density_weight,growth_multiplier,estimated_ltv,investment_score,marketing_investment,expected_additional_revenue,roi_ratio
강원특별자치도,강릉시,5.94900849858357,4,0.06269227008919526,5984,178746.0,1.0029693035403298,0.0,-0.5216260374796814,1,저밀도 성장형,0.19253730642425934,1.0,1.0594900849858357,6339.988668555241,6717.155133256828,100000000,17847025.49575071,17.84702549575071
강원특별자치도,고성군,4.70974808324206,4,0.3885247034247884,956,22369.0,0.16865864748321302,0.0,1.6401521510795312,0,고밀도 안정형,0.7235243194250978,1.2,1.0470974808324205,1201.2302300109527,1257.8051477442177,50000000,8477546.549835706,16.955093099671412
강원특별자치도,동해시,4.327335047129392,4,0.15666594285070892,2435,71625.0,-0.08879431970127592,0.0,0.10185467005751266,1,저밀도 성장형,0.005224140142494692,1.2,1.0432733504712939,3048.4447300771208,3180.361147274117,100000000,15578406.16966581,15.57840616966581
강원특별자치도,삼척시,2.010338885697875,4,0.20953252656231802,1776,46317.0,-1.648671939929334,0.0,0.4526049818095871,0,고밀도 안정형,-0.4784267832478988,1.2,1.0201033888569788,2174.044342331993,2217.7500011382076,50000000,3618609.994256175,7.23721998851235
강원특별자치도,속초시,5.49558390578999,4,0.21165275402563538,3225,65962.0,0.6977090331380079,0.0,0.4666719101324128,1,저밀도 성장형,0.4657523773081683,1.2,1.0549558390579,4082.679097154072,4307.046152542323,100000000,19784102.06084396,19.78410206084396
강원특별자치도,양구군,3.6020583190394513,4,0.49826309116152223,604,15743.0,-0.5770743416762573,0.0,2.368225936210026,0,고밀도 안정형,0.7164606378135077,1.2,1.0360205831903946,750.907718696398,777.955852646011,50000000,6483704.9742710125,12.967409948542025
강원특별자치도,양양군,3.861003861003861,4,0.44176865117684544,1076,21747.0,-0.4027437309951629,0.0,1.993406134253863,0,고밀도 안정형,0.6362649613034801,1.2,1.0386100386100385,1341.0532818532815,1392.8314008437555,50000000,6949806.949806949,13.8996138996139
강원특별자치도,영월군,3.0878859857482186,4,0.31783136482939633,868,28448.0,-0.92323197844416,0.0,1.1711278864061971,0,고밀도 안정형,0.09915836318481486,1.2,1.0308788598574823,1073.7634204275537,1106.920010607027,50000000,5558194.774346794,11.116389548693588
강원특별자치도,원주시,4.588492352512746,4,0.04514304624186236,8616,292730.0,0.08702532247494146,0.0,-0.6380586741909368,1,저밀도 성장형,-0.22041334068639812,1.0,1.0458849235251275,9011.344501092499,9424.829354383706,100000000,13765477.057538236,13.765477057538236
강원특별자치도,인제군,2.2598870056497176,4,0.35201657524824304,1086,23023.0,-1.480667981199266,0.0,1.397934166856048,0,고밀도 안정형,-0.03309352573728708,1.2,1.0225988700564972,1332.6508474576272,1362.767250790003,50000000,4067796.6101694913,8.135593220338983
강원특별자치도,정선군,2.8545941123996434,4,0.290065009279313,1153,27797.0,-1.0802917001109786,0.0,0.9869083438963593,0,고밀도 안정형,-0.03735334248584771,1.2,1.0285459411239963,1423.0961641391614,1463.719783454463,50000000,5138269.402319358,10.276538804638715
강원특별자치도,철원군,2.6591458501208702,4,0.3368256744709405,1274,32054.0,-1.21187386468943,0.0,1.2971481351256933,0,고밀도 안정형,0.034109708174505315,1.2,1.0265914585012088,1569.453021756648,1611.1870666542866,50000000,4786462.530217566,9.57292506043513
강원특별자치도,춘천시,3.758594346829641,4,0.04715296166634331,6791,242459.0,-0.471689166433475,0.0,-0.6247236256170077,1,저밀도 성장형,-0.4385651168201931,1.0,1.0375859434682964,7046.2461420932,7311.085951253617,100000000,11275783.040488923,11.275783040488923
강원특별자치도,태백시,3.616636528028933,4,0.24290735945710842,1146,29672.0,-0.5672598144343776,0.0,0.674034705855677,0,고밀도 안정형,0.04270995656851981,1.2,1.0361663652802893,1424.9359855334535,1476.4707408872853,50000000,6509945.750452081,13.019891500904162
강원특별자치도,평창군,2.7758501040943786,4,0.26811714238903056,1481,33477.0,-1.1333047427422387,0.0,0.8412923306496186,0,고밀도 안정형,-0.11680496483704805,1.2,1.0277585010409438,1826.5324080499652,1877.2342098001377,50000000,4996530.187369881,9.993060374739763
강원특별자치도,홍천군,4.586129753914989,4,0.20625185778327784,1870,54949.0,0.08543474380262021,0.0,0.4308389527565133,1,저밀도 성장형,0.20650947862365343,1.2,1.04586129753915,2346.9127516778526,2454.5452156809756,100000000,16510067.11409396,16.51006711409396
강원특별자치도,화천군,3.062583222370173,4,0.5723226539207799,774,15368.0,-0.9402666265719127,0.0,2.859583858404036,0,고밀도 안정형,0.7677268927328493,1.2,1.0306258322237016,957.245272969374,986.5617060962655,50000000,5512649.8002663115,11.025299600532623
강원특별자치도,횡성군,3.5878564857405704,4,0.21879474022107984,1126,37841.0,-0.5866354804894727,0.0,0.5140563580900566,0,고밀도 안정형,-0.029031648959766454,1.2,1.0358785648574056,1399.6791168353263,1449.8975948082589,50000000,6458141.674333027,12.916283348666052
경기도,가평군,4.836415362731152,4,0.2762200405572474,2211,50984.0,0.253935204164314,0.0,0.8950520756352449,0,고밀도 안정형,0.4595949119198236,1.2,1.0483641536273116,2781.519772403983,2916.045621993934,50000000,8705547.652916074,17.41109530583215
경기도,고양시 덕양구,6.431501230516817,4,0.025539950056818615,6487,399362.0,1.3277991962236082,0.0,-0.7681179974057282,1,저밀도 성장형,0.223872479527152,1.0,1.0643150123051681,6904.211484823626,7348.25593142754,100000000,19294503.691550452,19.294503691550453
경기도,고양시 일산동구,4.397031539888683,4,0.05183451104161215,5627,264129.0,-0.041872360539964126,0.0,-0.593663269763189,1,저밀도 성장형,-0.25421425212126125,1.0,1.0439703153988869,5874.420964749536,6132.721107355406,100000000,13191094.619666047,13.191094619666046
경기도,고양시 일산서구,6.069008009858287,4,0.039214580808033354,3443,257475.0,1.0837569005124743,0.0,-0.677391858844408,1,저밀도 성장형,0.1625460166672265,1.0,1.0606900800985828,3651.9559457794203,3873.593444645269,100000000,18207024.02957486,18.20702402957486
경기도,광명시,4.143126177024483,4,0.031536349135328524,3318,234325.0,-0.21280975775302247,0.0,-0.7283340980402894,1,저밀도 성장형,-0.37645754231732476,1.0,1.0414312617702448,3455.468926553672,3598.633364188664,100000000,12429378.53107345,12.42937853107345
경기도,광주시,7.087064202705277,4,0.0362622650611973,5621,334794.0,1.7691456369251644,0.0,-0.6969793864637861,1,저밀도 성장형,0.42886650018455136,1.0,1.0708706420270528,6019.363878834064,6445.960061521485,100000000,21261192.60811583,21.26119260811583
경기도,구리시,6.529093369418133,4,0.0720700497997407,3149,161231.0,1.393501417019821,0.0,-0.45940792300950434,1,저밀도 성장형,0.3736373976041266,1.0,1.0652909336941814,3354.601150202977,3573.626191471304,100000000,19587280.1082544,19.587280108254397
경기도,군포시,5.580215599239061,4,0.04599506595872019,3330,237374.0,0.7546858580334125,0.0,-0.6324058371750815,1,저밀도 성장형,0.048912008343332425,1.0,1.0558021559923907,3515.821179454661,3712.011581351941,100000000,16740646.797717182,16.740646797717183
경기도,김포시,6.5433012583271655,4,0.034204283608175234,7197,432947.0,1.4030666326679095,0.0,-0.710633335433993,1,저밀도 성장형,0.2769733188935666,1.0,1.0654330125832716,7667.921391561806,8169.6565884634065,100000000,19629903.7749815,19.6299037749815
경기도,남양주시,7.3141223053233615,4,0.03006718322110039,9757,583645.0,1.9220085801881215,0.0,-0.7380814727759465,1,저밀도 성장형,0.47357084296487,1.0,1.0731412230532336,10470.6389133304,11236.474249600165,100000000,21942366.915970083,21.942366915970084
경기도,동두천시,5.65597667638484,4,0.12904828456941458,1812,77576.0,0.8056906938165919,0.0,-0.08137832084027215,1,저밀도 성장형,0.28972494919052794,1.2,1.0565597667638484,2297.383556851312,2427.3230349939226,100000000,20361516.034985423,20.36151603498542
경기도,성남시 분당구,4.074542008843967,4,0.02411713517623525,6590,417813.0,-0.2589828636163688,0.0,-0.7775578501045989,1,저밀도 성장형,-0.4146162854883871,1.0,1.0407454200884396,6858.512318382817,7137.965283977063,100000000,12223626.0265319,12.2236260265319
경기도,성남시 수정구,5.539817437834435,4,0.03263305185274176,3353,230378.0,0.7274884940833125,0.0,-0.7210578794344034,1,저밀도 성장형,0.0025722458595636155,1.0,1.0553981743783443,3538.7500786905885,3734.7903726312693,100000000,16619452.313503306,16.619452313503306
경기도,수원시 권선구,5.706929843381248,4,0.04117942658463378,4927,319059.0,0.8399940328555028,0.0,-0.664355830784664,1,저밀도 성장형,0.07025528082833549,1.0,1.0570692984338126,5208.180433383394,5505.407636833294,100000000,17120789.530143745,17.120789530143746
경기도,수원시 영통구,5.060816681146829,4,0.03837552324236533,4837,313542.0,0.4050095133811314,0.0,-0.6829586967611803,1,저밀도 성장형,-0.11117967335201956,1.0,1.0506081668114682,5081.791702867071,5338.971865066903,100000000,15182450.043440485,15.182450043440484
경기도,수원시 장안구,5.0157638291774145,4,0.046812120168961094,3664,235754.0,0.37467845945693434,0.0,-0.626984983417561,1,저밀도 성장형,-0.10092260958425067,1.0,1.050157638291774,3847.7775867010605,4040.773023122008,100000000,15047291.487532243,15.047291487532243
경기도,수원시 팔달구,7.1590052750565185,4,0.06924560275813708,4266,188400.0,1.8175787205029015,0.0,-0.478147088864705,1,저밀도 성장형,0.5357726526552786,1.0,1.0715900527505653,4571.403165033911,4898.67015876279,100000000,21477015.825169552,21.477015825169552
경기도,시흥시,6.525981946816296,4,0.02896707644482125,8733,478540.0,1.3914067055289403,0.0,-0.7453802760586664,1,저밀도 성장형,0.25841057178810956,1.0,1.065259819468163,9302.914003415468,9910.020491806208,100000000,19577945.84044889,19.57794584044889
경기도,안산시 단원구,4.6717367685860625,4,0.047037610489387136,6744,363895.0,0.14306818685391973,0.0,-0.6254889381913752,1,저밀도 성장형,-0.19296830053498218,1.0,1.0467173676858605,7059.061927673443,7388.842719265823,100000000,14015210.30575819,14.015210305758188
경기도,안산시 상록구,5.792420327304048,4,0.03975789038952739,4913,314435.0,0.8975490235945685,0.0,-0.6737871998763448,1,저밀도 성장형,0.08950472948728944,1.0,1.0579242032730405,5197.581610680449,5498.64738442572,100000000,17377260.981912144,17.377260981912144
경기도,안성시,6.695085255767302,4,0.06471986868026833,4255,185720.0,1.5052525856085226,0.0,-0.5081736676082615,1,저밀도 성장형,0.3988315672001045,1.0,1.066950852557673,4539.875877632899,4843.824438146435,100000000,20085255.76730191,20.08525576730191
경기도,안양시 동안구,6.3749051353402475,4,0.03243551518751924,4205,273506.0,1.2896968533161068,0.0,-0.7223684624538627,1,저밀도 성장형,0.22693135634489764,1.0,1.0637490513534025,4473.064760941058,4758.218396093384,100000000,19124715.406020742,19.12471540602074
경기도,안양시 만안구,3.9001560062402496,4,0.042845149523781954,3330,207258.0,-0.3763852258949953,0.0,-0.6533043725821452,1,저밀도 성장형,-0.41187583939085626,1.0,1.0390015600624025,3459.8751950078004,3594.8157252343135,100000000,11700468.01872075,11.70046801872075
경기도,양평군,4.34583714547118,4,0.09144185240266775,2281,95574.0,-0.07633810177090886,0.0,-0.3308831475248299,1,저밀도 성장형,-0.16288849971829553,1.2,1.0434583714547119,2856.154254345837,2980.2780668631544,100000000,15645013.72369625,15.64501372369625
경기도,여주시,5.1681706316652996,4,0.10608082249873295,2564,96681.0,0.47728370513178636,0.0,-0.23375897258411701,1,저밀도 성장형,0.09740989301906774,1.2,1.051681706316653,3235.814273995078,3403.0466769989257,100000000,18605414.27399508,18.60541427399508
경기도,연천군,5.398230088495575,4,0.27231023337741517,1191,33134.0,0.6321672582446459,0.0,0.869111945009488,1,저밀도 성장형,0.6005116813016536,1.2,1.0539823008849558,1506.3515044247788,1587.667824575143,100000000,19433628.31858407,19.43362831858407
경기도,오산시,6.678230702515179,4,0.06248251145830202,3690,214751.0,1.4939055489346742,0.0,-0.5230177087399208,1,저밀도 성장형,0.38835513607790134,1.0,1.0667823070251519,3936.4267129228106,4199.310370247231,100000000,20034692.107545536,20.034692107545535
경기도,용인시 기흥구,5.2908841044434265,4,0.0253386879156672,4597,380340.0,0.5598984297797551,0.0,-0.7694532975858539,1,저밀도 성장형,-0.08382194712243951,1.0,1.0529088410444343,4840.221942281265,5096.312475645207,100000000,15872652.313330278,15.872652313330276
경기도,용인시 수지구,6.8166089965397925,4,0.027182278176055924,3087,313720.0,1.5870663437462513,0.0,-0.7572217552168237,1,저밀도 성장형,0.33193783541177113,1.0,1.068166089965398,3297.428719723184,3522.2015424863216,100000000,20449826.989619378,20.44982698961938
경기도,용인시 처인구,7.033780657103193,4,0.05512828486550898,4626,232447.0,1.7332734107667316,0.0,-0.5718102935641814,1,저밀도 성장형,0.4645852468810201,1.0,1.0703378065710318,4951.382693197594,5299.6520913308805,100000000,21101341.97130958,21.10134197130958
경기도,의왕시,4.810996563573884,4,0.06445340846952444,1525,127207.0,0.23682243695368652,0.0,-0.5099415329671767,1,저밀도 성장형,-0.10924763840539607,1.0,1.0481099656357389,1598.3676975945018,1675.2651125990483,100000000,14432989.690721652,14.432989690721651
경기도,의정부시,5.299417064122947,4,0.03959265474757725,7948,392846.0,0.5656430974058633,0.0,-0.6748834775031103,1,저밀도 성장형,-0.04369615203889879,1.0,1.0529941706412296,8369.197668256493,8812.716357618257,100000000,15898251.19236884,15.89825119236884
경기도,이천시,5.296404275996112,4,0.06008410999046529,4334,191841.0,0.5636147898705434,0.0,-0.5389302191290807,1,저밀도 성장형,0.009873828296585091,1.0,1.0529640427599611,4563.546161321672,4805.25001534697,100000000,15889212.827988334,15.889212827988333
경기도,파주시,7.133609528741585,4,0.035371460390782185,8275,393186.0,1.8004814732199454,0.0,-0.7028895473616937,1,저밀도 성장형,0.43903677034330074,1.0,1.0713360952874158,8865.306188503366,9497.722515518559,100000000,21400828.586224753,21.400828586224755
경기도,평택시,8.036485837734038,4,0.030373915861488854,11252,499258.0,2.408327343521819,0.0,-0.736046414678989,1,저밀도 성장형,0.6689123715371319,1.0,1.0803648583773404,12156.265386461833,13133.201932642203,100000000,24109457.513202116,24.109457513202116
경기도,포천시,3.6738802214393558,4,0.08305348140237014,4120,150323.0,-0.5287214872086017,0.0,-0.38653689960944504,1,저밀도 성장형,-0.3661033547272187,1.0,1.0367388022143935,4271.363865123301,4428.2886573497735,100000000,11021640.664318068,11.021640664318069
경기도,화성시,8.303355113427795,4,0.019968409629442845,14752,815416.0,2.587992470987533,0.0,-0.8050831160996414,1,저밀도 성장형,0.7131637419551566,1.0,1.083033551134278,15976.910946332868,17303.530598363002,100000000,24910065.340283383,24.91006534028338
경상남도,거제시,4.033195020746888,4,0.06461511411433254,6268,207276.0,-0.28681900873825844,0.0,-0.5088686755713231,1,저밀도 성장형,-0.3182750737238326,1.0,1.0403319502074688,6520.800663900415,6783.797271589677,100000000,12099585.062240664,12.099585062240664
경상남도,거창군,3.73900293255132,4,0.27334543909129544,1415,47060.0,-0.4848787474910839,0.0,0.875980153646758,0,고밀도 안정형,0.15644056246226964,1.2,1.0373900293255132,1761.4882697947212,1827.3503678588932,50000000,6730205.278592374,13.46041055718475
경상남도,고성군,3.8860103626943006,4,0.21368090673174786,1203,42330.0,-0.38590853592819646,0.0,0.4801279563530343,0,고밀도 안정형,0.03768776816993513,1.2,1.038860103626943,1499.6984455958548,1557.976882600875,50000000,6994818.652849739,13.989637305699478
경상남도,김해시,4.065596173556543,4,0.041642222993926406,12184,489277.0,-0.2650054926096242,0.0,-0.6612853470605288,1,저밀도 성장형,-0.3705163358680612,1.0,1.0406559617355655,12679.35223778613,13194.84349719732,100000000,12196788.520669628,12.196788520669628
경상남도,남해군,2.8003613369467026,4,0.2465720419371809,1138,32502.0,-1.1168029788606288,0.0,0.6983485243798638,0,고밀도 안정형,-0.167381781792306,1.2,1.028003613369467,1403.841734417344,1443.1543755798893,50000000,5040650.406504065,10.08130081300813
경상남도,밀양시,2.7928626842513578,4,0.12029541649042252,2650,82506.0,-1.1218513171859306,0.0,-0.13945037679491257,0,고밀도 안정형,-0.5045206775923373,1.2,1.0279286268425136,3268.8130333591935,3360.1064927858274,50000000,5027152.831652444,10.054305663304888
경상남도,사천시,4.689203925845147,4,0.10897151098762016,2880,87513.0,0.15482764858760534,0.0,-0.21458031912343056,1,저밀도 성장형,-0.023901068214330093,1.2,1.0468920392584515,3618.0588876772085,3787.7170470775577,100000000,16881134.13304253,16.88113413304253
경상남도,산청군,3.129074315514994,4,0.2369240962289232,791,26497.0,-0.8955026473009998,0.0,0.6343379580191065,0,고밀도 안정형,-0.10446587571275734,1.2,1.03129074315515,978.9011734028683,1009.5317185940922,50000000,5632333.767926989,11.264667535853977
경상남도,양산시,4.335417232943735,4,0.06465563417129686,7677,288196.0,-0.0833531277890158,0.0,-0.5085998399172175,1,저밀도 성장형,-0.23678118708249332,1.0,1.0433541723294373,8009.82998097309,8357.08953029769,100000000,13006251.698831204,13.006251698831203
경상남도,의령군,3.364485981308411,4,0.2983411047684404,553,19931.0,-0.7370158120078061,0.0,1.041817189316305,0,고밀도 안정형,0.1219205509233996,1.2,1.033644859813084,685.9267289719626,709.0046376102715,50000000,6056074.76635514,12.11214953271028
경상남도,진주시,4.6935111567068475,4,0.04282216263230037,8164,293758.0,0.15772741732186632,0.0,-0.6534568821408745,1,저밀도 성장형,-0.19829178592760327,1.0,1.0469351115670684,8547.178250833547,8948.34101562004,100000000,14080533.470120542,14.080533470120542
경상남도,창녕군,3.0303030303030303,4,0.1705122187049898,1530,49302.0,-0.9619987079712575,0.0,0.19371961065944857,0,고밀도 안정형,-0.30731163892472363,1.2,1.0303030303030303,1891.6363636363635,1948.9586776859503,50000000,5454545.454545454,10.909090909090908
경상남도,창원시 마산합포구,2.9870708872046365,4,0.08577837600665195,4620,142864.0,-0.9911040011159887,0.0,-0.3684582275099367,0,고밀도 안정형,-0.5438248914503703,1.0,1.0298707088720465,4758.002674988855,4900.127587705865,50000000,4480606.330806955,8.96121266161391
경상남도,창원시 마산회원구,3.1657872813107466,4,0.081584505944985,3715,152293.0,-0.8707862776020483,0.0,-0.3962830107340956,0,고밀도 안정형,-0.5068277153344576,1.0,1.0316578728131074,3832.608997500694,3953.941245685942,50000000,4748680.921966121,9.497361843932241
경상남도,창원시 성산구,3.415559772296015,4,0.09049518901007828,5450,206956.0,-0.7026312649516094,0.0,-0.3371639104711619,0,고밀도 안정형,-0.41591807016910853,1.2,1.0341555977229602,6763.377609108159,6994.384813973334,50000000,6148007.590132827,12.296015180265654
경상남도,창원시 의창구,5.048133364639587,4,0.10559666078528986,4474,175804.0,0.3964706897528298,0.0,-0.2369712072322827,1,저밀도 성장형,0.06379979300821884,1.2,1.0504813336463958,5639.82418408077,5924.530030424363,100000000,18173280.11270251,18.17328011270251
경상남도,창원시 진해구,0.5136586504786365,4,0.07557038525624417,4305,158241.0,-2.6562860406422755,0.0,-0.4361844864564095,0,고밀도 안정형,-1.236988210839474,1.0,1.0051365865047863,4327.113004903105,4349.339595168776,50000000,770487.9757179548,1.5409759514359096
경상남도,통영시,3.4887408816999685,4,0.10526884947954669,3263,98716.0,-0.6533633478601284,0.0,-0.23914611451043205,0,고밀도 안정형,-0.3570037849482242,1.2,1.0348874088169997,4052.2051379638438,4193.576075222335,50000000,6279733.587059943,12.559467174119888
경상남도,하동군,1.7513134851138354,4,0.23865191652687115,1162,32033.0,-1.8230563140458698,0.0,0.645801409326321,0,고밀도 안정형,-0.4709019618878196,1.2,1.0175131348511384,1418.8203152364272,1443.6683067466975,50000000,3152364.273204903,6.304728546409806
경상남도,함안군,4.097222222222222,4,0.16488182186163566,1499,56821.0,-0.243713801949525,0.0,0.156364001322795,0,고밀도 안정형,-0.03493992025069201,1.2,1.0409722222222222,1872.5008333333333,1949.2213535879628,50000000,7374999.999999999,14.75
경상남도,함양군,5.875440658049354,4,0.3029182356105433,901,28600.0,0.9534410263994088,0.0,1.072184766660727,1,저밀도 성장형,0.8102503172240543,1.2,1.0587544065804935,1144.7252643948295,1211.9829180020463,100000000,21151586.36897767,21.15158636897767
경상남도,합천군,1.5950920245398774,4,0.1814338003281585,828,32832.0,-1.9282297123470993,0.0,0.2661802822256149,0,고밀도 안정형,-0.6648197720485938,1.2,1.0159509202453987,1009.448834355828,1025.5504722044484,50000000,2871165.644171779,5.742331288343558
경상북도,경산시,5.207059234667133,4,0.060550142849462564,6021,240189.0,0.5034647849774323,0.0,-0.5358382627531648,1,저밀도 성장형,-0.012949391110293001,1.0,1.0520705923466713,6334.517036519308,6664.35909084095,100000000,15621177.704001397,15.621177704001395
경상북도,경주시,4.673780899635283,4,0.05694534499105248,7749,231032.0,0.14444436275337527,0.0,-0.559754768868594,1,저밀도 성장형,-0.1661241624460875,1.0,1.0467378089963528,8111.171281912738,8490.269656023478,100000000,14021342.69890585,14.021342698905851
경상북도,고령군,2.7480916030534353,4,0.25398737535560123,673,29118.0,-1.1519926738081636,0.0,0.7475465304860416,0,고밀도 안정형,-0.16177845732884882,1.2,1.0274809160305343,829.7935877862594,852.5970756948893,50000000,4946564.885496183,9.893129770992367
경상북도,구미시,5.253564919052215,4,0.043104358228663694,9817,346124.0,0.5347739332156662,0.0,-0.6515846182938394,1,저밀도 성장형,-0.04672427403126925,1.0,1.0525356491905222,10332.742468103357,10875.579801583646,100000000,15760694.757156644,15.760694757156642
경상북도,김천시,2.6211015262110156,4,0.08139520165154628,3093,112759.0,-1.2374865482283723,0.0,-0.39753897499881613,0,고밀도 안정형,-0.6540102092908755,1.0,1.0262110152621102,3174.070670205707,3257.266284985485,50000000,3931652.289316524,7.8633045786330475
경상북도,문경시,3.7606837606837606,4,0.16016836941211612,1821,51213.0,-0.47028250466826,0.0,0.12509198032147356,0,고밀도 안정형,-0.1380762097387146,1.2,1.0376068376068377,2267.378461538462,2352.6473951347803,50000000,6769230.769230768,13.538461538461535
경상북도,봉화군,3.102189781021898,4,0.2616312453462053,565,22036.0,-0.9136021954936562,0.0,0.7982607925768594,0,고밀도 안정형,-0.046136561166718715,1.2,1.031021897810219,699.0328467153284,720.7181722521178,50000000,5583941.605839415,11.16788321167883
경상북도,상주시,3.0606860158311346,4,0.10300833929776056,1953,72365.0,-0.9415438880842356,0.0,-0.25414376700308056,0,고밀도 안정형,-0.47827506203492653,1.2,1.0306068601583114,2415.3302374670184,2489.2559122813122,50000000,5509234.828496043,11.018469656992085
경상북도,성주군,4.638619201725998,4,0.20870789587154265,970,37481.0,0.12077235734788197,0.0,0.44713386089419727,1,저밀도 성장형,0.2271624872968317,1.2,1.04638619201726,1217.9935275080904,1274.4916091508605,100000000,16699029.126213592,16.699029126213592
경상북도,안동시,6.068965517241379,4,0.07331011509516473,3845,127302.0,1.0837282930925558,0.0,-0.45118054650007056,1,저밀도 성장형,0.2530190986369941,1.0,1.0606896551724139,4078.3517241379313,4325.865483947682,100000000,18206896.551724136,18.206896551724135
경상북도,영덕군,2.611150317572336,4,0.3959711164397458,1454,28465.0,-1.2441860274541412,0.0,1.6895563588618754,0,고밀도 안정형,0.17814813256309375,1.2,1.0261115031757233,1790.359350741002,1837.1083246135615,50000000,4700070.571630204,9.400141143260408
경상북도,영양군,3.571428571428571,4,0.4922345752355088,261,11783.0,-0.5976952898706326,0.0,2.3282289533902865,0,고밀도 안정형,0.6922134654078617,1.2,1.0357142857142858,324.3857142857143,335.970918367347,50000000,6428571.428571428,12.857142857142856
경상북도,영주시,4.309252217997465,4,0.09943183705936927,2469,80883.0,-0.10096827188247967,0.0,-0.2778725421011822,1,저밀도 성장형,-0.15153632559346475,1.2,1.0430925221799747,3090.4745247148285,3223.650866717749,100000000,15513307.984790877,15.513307984790877
경상북도,영천시,3.86946386946387,4,0.11110479456085182,2228,82185.0,-0.3970481765167494,0.0,-0.20042676831999037,1,저밀도 성장형,-0.2389899779346959,1.2,1.0386946386946387,2777.053986013986,2884.511086638304,100000000,13930069.93006993,13.93006993006993
경상북도,예천군,6.010362694300518,4,0.17625198348089915,1023,42994.0,1.0442749554007238,0.0,0.23180083594754466,1,저밀도 성장형,0.5104303165393074,1.2,1.060103626943005,1301.383212435233,1379.6010635453297,100000000,21637305.699481864,21.637305699481864
경상북도,울릉군,3.614457831325301,4,1.454791508077476,344,5630.0,-0.5687265843349203,0.0,8.714439685582963,0,고밀도 안정형,3.2582852404992177,1.2,1.036144578313253,427.7204819277108,443.18025838292925,50000000,6506024.09638554,13.012048192771081
경상북도,울진군,4.831932773109244,4,0.23086617534478793,1497,38828.0,0.25091737817552995,0.0,0.5941458841323036,1,저밀도 성장형,0.33802530492313343,1.2,1.0483193277310925,1883.2008403361344,1974.1958389238048,100000000,17394957.98319328,17.39495798319328
경상북도,의성군,2.751196172248804,4,0.16526604177248308,859,36095.0,-1.149902576254738,0.0,0.1589131589200825,0,고밀도 안정형,-0.3963957669338622,1.2,1.027511961722488,1059.1593301435405,1088.2988810924655,50000000,4952153.110047847,9.904306220095695
경상북도,청도군,3.867403314917127,4,0.23090858844842937,940,32567.0,-0.39843540925205856,0.0,0.5944272794538883,0,고밀도 안정형,0.07839674808073188,1.2,1.0386740331491713,1171.624309392265,1216.9357467720765,50000000,6961325.966850828,13.922651933701658
경상북도,청송군,4.580152671755725,4,0.3598203104645202,685,18664.0,0.08141077654289897,0.0,1.4497090758395994,0,고밀도 안정형,0.6124479409529994,1.2,1.0458015267175573,859.6488549618321,899.0220849600839,50000000,8244274.809160304,16.488549618320608
경상북도,칠곡군,4.7686832740213525,4,0.13858596745526977,2944,103122.0,0.20833574607783967,0.0,-0.01809930769549958,1,저밀도 성장형,0.07609457535293604,1.2,1.0476868327402136,3701.2680427046266,3877.76979278378,100000000,17167259.78647687,17.16725978647687
경상북도,포항시 남구,3.8930210476341194,4,0.09208545760504058,6565,192163.0,-0.3811887134605853,0.0,-0.3266130640518939,1,저밀도 성장형,-0.2831207110049917,1.2,1.0389302104763412,8184.692198132615,8503.323988089986,100000000,14014875.771482829,14.01487577148283
경상북도,포항시 북구,4.624379872430899,4,0.07322664292064905,5905,220328.0,0.11118597500326942,0.0,-0.45173435363453024,1,저밀도 성장형,-0.13621935145250436,1.0,1.046243798724309,6178.069631467044,6463.767040009371,100000000,13873139.617292698,13.873139617292699
광주광역시,광산구,5.041677870395268,4,0.04096843615073683,7813,361189.0,0.3921246398254087,0.0,-0.6657556746041504,1,저밀도 성장형,-0.10945241391149668,1.0,1.0504167787039527,8206.906292013982,8620.672070382529,100000000,15125033.611185802,15.1250336111858
광주광역시,남구,5.358914985114125,4,0.050379980523748064,3185,162937.0,0.6056990443897783,0.0,-0.603313544034301,1,저밀도 성장형,0.0009542001421909141,1.0,1.0535891498511412,3355.681442275885,3535.5095579387007,100000000,16076744.955342375,16.076744955342377
광주광역시,동구,3.9455307262569828,4,0.10037863685001926,2977,90145.0,-0.34583747987089897,0.0,-0.2715908742039551,1,저밀도 성장형,-0.24697134162994167,1.2,1.0394553072625698,3713.3501396648044,3859.861510398786,100000000,14203910.61452514,14.203910614525139
광주광역시,북구,4.627209838585703,4,0.025862237537713134,6806,372753.0,0.11309120080569518,0.0,-0.7659797386709819,1,저밀도 성장형,-0.26115541514611473,1.0,1.046272098385857,7120.927901614144,7450.4281780762285,100000000,13881629.515757108,13.881629515757107
광주광역시,서구,4.365413787291421,4,0.050743734992614135,6192,247014.0,-0.06315846601538534,0.0,-0.600900167106978,1,저밀도 성장형,-0.2656234532489453,1.0,1.0436541378729143,6462.306421709085,6744.412837219393,100000000,13096241.361874262,13.096241361874261
대구광역시,군위군,4.444444444444445,4,0.334108892485891,470,17367.0,-0.009952442001623834,0.0,1.2791232872668505,0,고밀도 안정형,0.5076683381060907,1.2,1.0444444444444445,589.0666666666666,615.2474074074074,50000000,8000000.000000001,16.000000000000004
대구광역시,남구,4.820333041191937,4,0.08067524006729952,3588,122183.0,0.24310805914442976,0.0,-0.40231565494283555,1,저밀도 성장형,-0.06368303831936231,1.0,1.0482033304119194,3760.9535495179666,3942.244036129262,100000000,14460999.12357581,14.46099912357581
대구광역시,달서구,3.5541945063103193,4,0.030200679305538637,11159,488750.0,-0.6092978263491156,0.0,-0.7371957754233461,1,저밀도 성장형,-0.5385974407089846,1.0,1.0355419450631032,11555.612564959169,11966.321511913451,100000000,10662583.518930959,10.662583518930958
대구광역시,달성군,5.517404688609993,4,0.0777387758013008,4456,209964.0,0.7123994980353475,0.0,-0.42179801382508175,1,저밀도 성장형,0.11624059368410627,1.0,1.0551740468861,4701.855552924461,4961.275951653185,100000000,16552214.06582998,16.55221406582998
대구광역시,동구,3.2520325203252036,4,0.03349327824190143,5715,287258.0,-0.8127231610422206,0.0,-0.7153505941704066,1,저밀도 성장형,-0.6112295020850509,1.0,1.032520325203252,5900.853658536585,6092.7513384889935,100000000,9756097.560975611,9.756097560975611
대구광역시,북구,4.360273067606254,4,0.03659792090756048,9478,372628.0,-0.06661936669456589,0.0,-0.6947524335478285,1,저밀도 성장형,-0.30454872009695777,1.0,1.0436027306760625,9891.26668134772,10322.552918499636,100000000,13080819.202818763,13.080819202818764
대구광역시,서구,4.035087719298246,4,0.07298508248914332,4151,150462.0,-0.2855447821507283,0.0,-0.45333701812898286,1,저밀도 성장형,-0.2955527201118845,1.0,1.0403508771929824,4318.49649122807,4492.75161280394,100000000,12105263.157894738,12.105263157894738
대구광역시,수성구,4.395292783212818,4,0.029967883082292382,7363,339829.0,-0.043042948420450325,0.0,-0.7387402926239233,1,저밀도 성장형,-0.3127132964177494,1.0,1.0439529278321282,7686.62540762796,8024.475099442036,100000000,13185878.34963845,13.18587834963845
대구광역시,중구,3.6124794745484397,4,0.1728988000658871,4417,76948.0,-0.5700584788423094,0.0,0.20955369899250254,0,고밀도 안정형,-0.14420191193992277,1.2,1.0361247947454844,5491.875862068966,5690.268750353887,50000000,6502463.054187192,13.004926108374384
대전광역시,대덕구,3.1741650565829422,4,0.0805943542555242,3738,151570.0,-0.8651460851960652,0.0,-0.40285230251309045,0,고밀도 안정형,-0.5071993550836622,1.0,1.0317416505658294,3856.65028981507,3979.066735668985,50000000,4761247.584874413,9.522495169748826
대전광역시,동구,2.5646694671678087,4,0.054225733440742135,4639,206642.0,-1.2754784566441812,0.0,-0.5777983898507915,0,고밀도 안정형,-0.7413107385979891,1.0,1.025646694671678,4757.975016581914,4880.001349087663,50000000,3847004.200751713,7.694008401503425
대전광역시,서구,3.6322237883551987,4,0.03167921096690666,9558,407719.0,-0.5567659608197959,0.0,-0.7273862624048936,1,저밀도 성장형,-0.5136608892898759,1.0,1.036322237883552,9905.167949690991,10264.9458162362,100000000,10896671.365065597,10.896671365065597
대전광역시,유성구,4.693140794223827,4,0.04835626040028364,7540,323498.0,0.1574780771812771,0.0,-0.6167401817016074,1,저밀도 성장형,-0.18370484180813212,1.0,1.0469314079422383,7893.862815884477,8264.332911936817,100000000,14079422.38267148,14.079422382671481
대전광역시,중구,2.9314696175499906,4,0.05789669918491232,5302,197364.0,-1.0285365949347727,0.0,-0.5534428841834916,0,고밀도 안정형,-0.6327917916473058,1.0,1.0293146961755,5457.426519122501,5617.409319430694,50000000,4397204.426324986,8.794408852649973
부산광역시,강서구,4.862385321100918,4,0.14305655068419748,3429,116357.0,0.27141902978887755,0.0,0.011561365477820227,1,저밀도 성장형,0.11319215810667912,1.2,1.0486238532110093,4314.877431192661,4524.683398030469,100000000,17504587.1559633,17.504587155963304
부산광역시,금정구,2.1333885666942836,4,0.06060327332400732,4931,200407.0,-1.5658308689092115,0.0,-0.5354857616229278,0,고밀도 안정형,-0.8405266522128557,1.0,1.021333885666943,5036.197390223695,5143.639049542884,50000000,3200082.850041425,6.40016570008285
부산광역시,기장군,3.7360890302066774,4,0.1718116389724444,3915,125201.0,-0.4868404818826202,0.0,0.20234078554740664,0,고밀도 안정형,-0.11379987853408544,1.2,1.0373608903020668,4873.52146263911,5055.6005633895375,50000000,6724960.254372019,13.44992050874404
부산광역시,남구,3.7431991294885747,4,0.047990235965181496,4767,226787.0,-0.48205373042741756,0.0,-0.6191686190188604,1,저밀도 성장형,-0.4404889397785112,1.0,1.0374319912948857,4945.438302502721,5130.555905991398,100000000,11229597.388465723,11.229597388465724
부산광역시,동구,3.3151680290644867,4,0.13110914591468223,2275,73215.0,-0.7702182709765961,0.0,-0.06770526484570266,0,고밀도 안정형,-0.33516941432891956,1.2,1.0331516802906449,2820.5040871934602,2914.008536950555,50000000,5967302.452316076,11.93460490463215
부산광역시,동래구,3.9819684447783623,4,0.06290165707689091,5536,220026.0,-0.3213064156422242,0.0,-0.5202368319351788,1,저밀도 성장형,-0.3366172990309612,1.0,1.0398196844477836,5756.44177310293,5985.661468049929,100000000,11945905.334335087,11.945905334335087
부산광역시,부산진구,3.94879845429296,4,0.048893003444150845,8608,292455.0,-0.34363753844796463,0.0,-0.6131790892921911,1,저밀도 성장형,-0.3827266510960623,1.0,1.0394879845429297,8947.912570945538,9301.247604238522,100000000,11846395.36287888,11.84639536287888
부산광역시,북구,3.4669289402507992,4,0.048229596720112344,4208,235809.0,-0.6680478604573624,0.0,-0.6175805485683241,1,저밀도 성장형,-0.5142513636102746,1.0,1.034669289402508,4353.888369805754,4504.834585724764,100000000,10400786.820752397,10.400786820752398
부산광역시,사상구,2.0947393477743397,4,0.072331111828857,4289,187056.0,-1.5918507875590842,0.0,-0.4576758725974959,0,고밀도 안정형,-0.8198106640626321,1.0,1.0209473934777433,4378.843370626041,4470.568725687953,50000000,3142109.0216615093,6.284218043323018
부산광역시,사하구,3.9696788350289247,4,0.046526257408483,5212,256345.0,-0.32958018300040587,0.0,-0.6288815775478526,1,저밀도 성장형,-0.3833847042193034,1.0,1.0396967883502892,5418.899660881707,5634.012573811182,100000000,11909036.505086774,11.909036505086775
부산광역시,서구,2.981171548117155,4,0.08695849950878827,1969,86095.0,-0.9950756291962932,0.0,-0.3606285427219376,0,고밀도 안정형,-0.5422816687672923,1.2,1.0298117154811715,2433.2391213389114,2505.7781537219225,50000000,5366108.786610879,10.732217573221758
부산광역시,수영구,5.159406181552689,4,0.09253939911497555,4321,146375.0,0.4713831905725306,0.0,-0.3236013293236683,1,저밀도 성장형,0.05911274449954493,1.2,1.0515940618155268,5452.72552932587,5734.05378734901,100000000,18573862.253589682,18.57386225358968
부산광역시,연제구,4.4188722669735325,4,0.08233421659782314,4537,164002.0,-0.027168468511020775,0.0,-0.39130895667678595,1,저밀도 성장형,-0.1673909700751227,1.0,1.0441887226697353,4737.484234752589,4946.827611754315,100000000,13256616.800920594,13.256616800920595
부산광역시,영도구,4.044704630122405,4,0.10301549268700659,1955,84722.0,-0.2790703631507991,0.0,-0.25409630690008206,1,저밀도 성장형,-0.21326666802035246,1.2,1.040447046301224,2440.8887706226715,2539.6155117441845,100000000,14560936.668440659,14.560936668440657
부산광역시,중구,2.433936022253129,4,0.3317529460810248,2946,38442.0,-1.3634924889210982,0.0,1.2634924505839698,0,고밀도 안정형,-0.040000015334851424,1.2,1.0243393602225312,3621.2445062586926,3709.3832807503854,50000000,4381084.840055632,8.762169680111265
부산광역시,해운대구,1.5671325709445152,4,0.03863207734260025,7194,322177.0,-1.9470529312471534,0.0,-0.6812565547969945,0,고밀도 안정형,-1.0513237944176592,1.0,1.0156713257094452,7306.739517153749,7421.24581200114,50000000,2350698.856416773,4.701397712833546
서울특별시,강남구,3.519923450208461,4,0.03673664096100297,15146,525205.0,-0.6323702225510326,0.0,-0.6938320770849133,1,저밀도 성장형,-0.5304809198543784,1.0,1.0351992345020846,15679.127605768574,16231.02089515213,100000000,10559770.350625385,10.559770350625385
서울특별시,강동구,4.496402877697841,4,0.028938515683715565,6391,390190.0,0.02502767517043577,0.0,-0.7455697661894518,1,저밀도 성장형,-0.2882168364076064,1.0,1.0449640287769784,6678.365107913669,6978.651308809067,100000000,13489208.633093525,13.489208633093524
서울특별시,강북구,4.076252281484486,4,0.050768466609296584,5132,262562.0,-0.25783145212038,0.0,-0.6007360819391371,1,저밀도 성장형,-0.34342701362380684,1.0,1.040762522814845,5341.193267085784,5558.913779493864,100000000,12228756.844453458,12.228756844453457
서울특별시,강서구,6.059519541054141,4,0.02711350496886755,8874,505859.0,1.0773689528826107,0.0,-0.7576780401168108,1,저밀도 성장형,0.12787636510631994,1.0,1.0605951954105415,9411.721764073145,9982.026883516803,100000000,18178558.623162422,18.178558623162424
서울특별시,관악구,6.0732984293193715,4,0.022770973460239364,7091,494294.0,1.0866453512618282,0.0,-0.786489137288389,1,저밀도 성장형,0.12006248558937566,1.0,1.0607329842931936,7521.657591623036,7978.470303993859,100000000,18219895.287958115,18.219895287958117
서울특별시,광진구,3.5578355121628333,4,0.034811112334524975,6258,346378.0,-0.6068465820876892,0.0,-0.7066072503344077,1,저밀도 성장형,-0.5253815329688387,1.0,1.0355783551216284,6480.649346351151,6711.220190214381,100000000,10673506.5364885,10.6735065364885
서울특별시,구로구,4.49497620306716,4,0.02739038761238116,5928,425199.0,0.024067191133046513,0.0,-0.7558410257551317,1,저밀도 성장형,-0.29270953384883414,1.0,1.0449497620306716,6194.462189317821,6472.90179063565,100000000,13484928.60920148,13.48492860920148
서울특별시,금천구,6.18860510805501,4,0.05916826253806477,4324,252871.0,1.1642735798349058,0.0,-0.5450065296620097,1,저밀도 성장형,0.24770682006915842,1.0,1.0618860510805501,4591.595284872299,4875.750985213119,100000000,18565815.324165028,18.565815324165026
서울특별시,노원구,4.909510974201002,4,0.022324153759298998,5449,428220.0,0.30314556124935027,0.0,-0.7894536214369531,1,저밀도 성장형,-0.19452322407504113,1.0,1.04909510974201,5716.5192529842125,5997.172393051786,100000000,14728532.922603004,14.728532922603005
서울특별시,도봉구,5.255800950517194,4,0.03454568628474137,3765,270437.0,0.5362793027533488,0.0,-0.708368254416241,1,저밀도 성장형,-0.06883558066515688,1.0,1.0525580095051719,3962.880905786972,4171.162038101188,100000000,15767402.851551581,15.767402851551582
서울특별시,동대문구,4.9260161078853715,4,0.0343046160994417,5602,357334.0,0.31425735723834924,0.0,-0.7099676663076777,1,저밀도 성장형,-0.1582841236277314,1.0,1.0492601610788537,5877.955422363738,6167.504453283697,100000000,14778048.323656112,14.778048323656112
서울특별시,동작구,2.81214848143982,4,0.02643866333662156,4570,370929.0,-1.108867487551982,0.0,-0.7621553657973348,0,고밀도 안정형,-0.7484091413397267,1.0,1.0281214848143982,4698.5151856018,4830.644409043921,50000000,4218222.72215973,8.43644544431946
서울특별시,마포구,4.980387495542613,4,0.04221863436064133,8832,358828.0,0.3508619542588615,0.0,-0.6574610699391701,1,저밀도 성장형,-0.12263964627212345,1.0,1.0498038749554262,9271.867823606324,9733.642769296453,100000000,14941162.48662784,14.94116248662784
서울특별시,서대문구,3.051989054935803,4,0.035992700891980874,4896,307060.0,-0.9473989666943982,0.0,-0.6987678454439545,0,고밀도 안정형,-0.6584667248553411,1.0,1.030519890549358,5045.425384129657,5199.411214628247,50000000,4577983.5824037045,9.155967164807409
서울특별시,서초구,2.362846279196089,4,0.03331487240960735,7538,375856.0,-1.4113524297653366,0.0,-0.7165342511594206,0,고밀도 안정형,-0.8511546723699028,1.0,1.023628462791961,7716.1113525258015,7898.431202517585,50000000,3544269.4187941337,7.088538837588268
서울특별시,성동구,4.570013507429086,4,0.03612081007351459,4645,273609.0,0.07458475939871542,0.0,-0.6979178882080874,1,저밀도 성장형,-0.24933325152374883,1.0,1.045700135074291,4857.277127420081,5079.255348236443,100000000,13710040.522287257,13.710040522287256
서울특별시,성북구,5.553287055941201,4,0.021777530020346193,5170,413590.0,0.7365566816735684,0.0,-0.7930802686191254,1,저밀도 성장형,-0.022609434778222803,1.0,1.055532870559412,5457.10494079216,5760.153643098299,100000000,16659861.167823602,16.6598611678236
서울특별시,송파구,6.955861894523839,4,0.01768904094199119,8457,592432.0,1.6808159505574298,0.0,-0.8202058878316462,1,저밀도 성장형,0.3442440250903135,1.0,1.0695586189452384,9045.25724041988,9674.432842067905,100000000,20867585.683571517,20.86758568357152
서울특별시,양천구,4.580324909747293,4,0.02219657763253027,4635,376245.0,0.08152673279387251,0.0,-0.7903000420507826,1,저밀도 성장형,-0.2835093237027641,1.0,1.045803249097473,4847.298059566787,5069.320060038822,100000000,13740974.72924188,13.74097472924188
서울특별시,영등포구,5.5363764224523715,4,0.0339331522984173,8254,427492.0,0.7251718899496119,0.0,-0.7124321918144642,1,저밀도 성장형,0.005095879254059077,1.0,1.0553637642245237,8710.97250990922,9193.244738114141,100000000,16609129.267357115,16.609129267357115
서울특별시,용산구,3.1003039513677813,4,0.046832538596137396,5088,232639.0,-0.9148717977148362,0.0,-0.626849514673512,0,고밀도 안정형,-0.6166885249553393,1.0,1.0310030395136778,5245.7434650455925,5408.377456971018,50000000,4650455.927051672,9.300911854103344
서울특별시,은평구,5.937157471684326,4,0.02896403527398946,5799,396463.0,0.9949908045058602,0.0,-0.7454004531070484,1,저밀도 성장형,0.09983614055952478,1.0,1.0593715747168433,6143.295761782974,6508.032905111339,100000000,17811472.41505298,17.811472415052982
서울특별시,종로구,4.093110451491954,4,0.08152088534984903,6663,167487.0,-0.24648198052850512,0.0,-0.39670510995086217,1,저밀도 성장형,-0.25727483619174696,1.0,1.0409311045149194,6935.723949382908,7219.61079124173,100000000,12279331.354475863,12.279331354475863
서울특별시,중구,5.236947791164659,4,0.08883613596357726,6551,151422.0,0.5235867390650073,0.0,-0.3481711163925401,1,저밀도 성장형,0.07016624906898686,1.2,1.0523694779116466,8272.886939759037,8706.133709616297,100000000,18853012.04819277,18.85301204819277
서울특별시,중랑구,4.20102080879466,4,0.033782901780948275,5308,339354.0,-0.173833197526937,0.0,-0.7134290486594355,1,저밀도 성장형,-0.354904898474549,1.0,1.0420102080879465,5530.99018453082,5763.34823311535,100000000,12603062.426383981,12.603062426383982
울산광역시,남구,2.4489335289470717,4,0.07282935313992228,9078,267484.0,-1.3533956767465594,0.0,-0.45437022500473245,0,고밀도 안정형,-0.7231063607005167,1.0,1.0244893352894706,9300.314185757814,9528.072698150258,50000000,3673400.293420607,7.346800586841215
울산광역시,동구,3.3605812897366025,4,0.09856794973900714,3414,132705.0,-0.739644578122375,0.0,-0.2836041162953578,0,고밀도 안정형,-0.4092994777670932,1.2,1.033605812897366,4234.476294277929,4376.779312341765,50000000,6049046.321525885,12.09809264305177
울산광역시,북구,5.194123819517314,4,0.09125924420869062,4010,170313.0,0.49475624029512455,0.0,-0.3320946856358483,1,저밀도 성장형,0.06506462186371051,1.2,1.0519412381951732,5061.941238195172,5324.864733778238,100000000,18698845.750262327,18.69884575026233
울산광역시,울주군,3.8607835678965383,4,0.0927537023520953,5461,191157.0,-0.40289203952226493,0.0,-0.32217950627492975,1,저밀도 성장형,-0.2900286183188779,1.2,1.0386078356789654,6806.204868771396,7068.977707942297,100000000,13898820.844427537,13.898820844427537
울산광역시,중구,3.6406067677946323,4,0.07450644971515921,4441,171774.0,-0.5511222647981652,0.0,-0.4432433069157636,1,저밀도 성장형,-0.3977462286855715,1.0,1.0364060676779463,4602.679346557759,4770.244802348427,100000000,10921820.303383898,10.921820303383898
인천광역시,강화군,5.206073752711497,4,0.19178458123144682,1940,52412.0,0.5028013262832297,0.0,0.33485390124572484,1,저밀도 성장형,0.33506209101158185,1.2,1.052060737527115,2449.1973969631235,2576.7044197985138,100000000,18741865.509761386,18.741865509761386
인천광역시,계양구,3.9850850617571663,4,0.05139587960776673,4462,237203.0,-0.3192082071268266,0.0,-0.5965734277753806,1,저밀도 성장형,-0.3663126539608829,1.0,1.0398508506175717,4639.814495455605,4824.71504980725,100000000,11955255.185271498,11.955255185271497
인천광역시,남동구,4.712578258394991,4,0.03327089070601376,9199,434047.0,0.17056401399001636,0.0,-0.7168260535639601,1,저밀도 성장형,-0.21850481582957754,1.0,1.04712578258395,9632.510073989755,10086.449649474303,100000000,14137734.775184974,14.137734775184974
인천광역시,동구,3.7037037037037033,4,0.09423948525046878,896,53414.0,-0.5086433432238132,0.0,-0.31232188396963295,1,저밀도 성장형,-0.32838609087737847,1.2,1.037037037037037,1115.0222222222221,1156.3193415637859,100000000,13333333.333333332,13.333333333333334
인천광역시,미추홀구,5.233069481090589,4,0.031571012085114286,7179,372774.0,0.5209757338378305,0.0,-0.7281041221350951,1,저밀도 성장형,-0.08285135531890589,1.0,1.052330694810906,7554.682058047493,7950.023819220603,100000000,15699208.443271765,15.699208443271765
인천광역시,부평구,5.509444762449914,4,0.02490555851395623,7373,452658.0,0.7070406153222645,0.0,-0.7723269516412749,1,저밀도 성장형,-0.02611453452760415,1.0,1.0550944476244992,7779.211362335433,8207.802715297532,100000000,16528334.287349742,16.52833428734974
인천광역시,서구,7.192818838890185,4,0.026663488506427073,9195,492648.0,1.8403431179422574,0.0,-0.760663733600536,1,저밀도 성장형,0.43187175373668857,1.0,1.0719281883889018,9856.37969223595,10565.331227571643,100000000,21578456.516670555,21.578456516670556
인천광역시,연수구,7.098312545854732,4,0.033817320445028755,5839,345326.0,1.7767183895414826,0.0,-0.7132006934999237,1,저밀도 성장형,0.4254070784166237,1.0,1.0709831254585473,6253.470469552458,6697.361348444021,100000000,21294937.637564193,21.294937637564193
인천광역시,옹진군,2.9654036243822075,4,0.5888316073501259,625,13104.0,-1.0056911113283011,0.0,2.969114684031644,0,고밀도 안정형,0.7853694290813371,1.2,1.029654036243822,772.2405271828666,795.1405757648955,50000000,5337726.523887973,10.675453047775948
인천광역시,중구,6.460602989612364,4,0.0957560909601738,4202,142014.0,1.347391452558796,0.0,-0.3022597636634328,1,저밀도 성장형,0.4180526755581453,1.2,1.0646060298961237,5368.1694451482135,5714.985560808917,100000000,23258170.76260451,23.258170762604507
전라남도,강진군,2.342606149341142,4,0.29764185892031375,699,26094.0,-1.4249787473729303,0.0,1.0371779506516756,0,고밀도 안정형,-0.15512031868850185,1.2,1.0234260614934114,858.4497803806735,878.5598777248766,50000000,4216691.068814056,8.433382137628112
전라남도,고흥군,2.5510204081632653,4,0.1482054604495418,1206,49618.0,-1.2846674497175254,0.0,0.045722485387318774,0,고밀도 안정형,-0.4955779857320827,1.2,1.0255102040816326,1484.1183673469386,1521.9785297792585,50000000,4591836.734693877,9.183673469387754
전라남도,곡성군,5.07399577167019,4,0.2775344000259107,497,20121.0,0.4138821082971496,0.0,0.9037723666209985,1,저밀도 성장형,0.5270617899672593,1.2,1.0507399577167018,626.661310782241,658.4580791940249,100000000,18266384.77801268,18.266384778012682
전라남도,광양시,5.1005100510051005,4,0.15871914061310627,3503,115552.0,0.43173238860380714,0.0,0.11547688100229496,1,저밀도 성장형,0.21888370784244085,1.2,1.051005100510051,4418.00504050405,4643.34583164887,100000000,18361836.183618363,18.36183618361836
전라남도,구례군,0.9985734664764622,4,0.5268131524707388,708,18410.0,-2.3298255217242465,0.0,2.557645077786779,0,고밀도 안정형,0.09112782242501305,1.2,1.0099857346647647,858.0838801711841,866.6524781186853,50000000,1797432.2396576316,3.594864479315263
전라남도,나주시,5.329838357361293,4,0.09750983106168995,2411,93658.0,0.5861237072967198,0.0,-0.2906243440060089,1,저밀도 성장형,0.11819974531628438,1.2,1.053298383573613,3047.4028833551774,3209.824531135576,100000000,19187418.086500656,19.187418086500656
전라남도,담양군,5.458290422245108,4,0.2353396498127625,1024,34533.0,0.6726018398977469,0.0,0.6238257396118335,1,저밀도 성장형,0.5185710318038321,1.2,1.054582904222451,1295.8714727085478,1366.603901188005,100000000,19649845.520082384,19.649845520082383
전라남도,목포시,3.5720696463830555,4,0.059909860267986254,5770,182754.0,-0.5972636972374489,0.0,-0.5400863018601995,1,저밀도 성장형,-0.4549399996390594,1.0,1.0357206964638306,5976.108418596303,6189.579173451923,100000000,10716208.939149167,10.716208939149167
전라남도,무안군,5.3946621237932995,4,0.1704353447642556,1856,64820.0,0.6297651876752217,0.0,0.19320958037594801,1,저밀도 성장형,0.3291899072204679,1.2,1.053946621237933,2347.349914821124,2473.981511588873,100000000,19420783.645655878,19.420783645655877
전라남도,보성군,4.010349288486417,4,0.26245639600361176,804,30033.0,-0.30219950313183297,0.0,0.8037353632793387,0,고밀도 안정형,0.2006143440590023,1.2,1.0401034928848643,1003.491849935317,1043.7353781992172,50000000,7218628.719275549,14.437257438551098
전라남도,순천시,3.969465648854962,4,0.05444950827536579,6129,225126.0,-0.3297237069074551,0.0,-0.5763137262410777,1,저밀도 성장형,-0.36241497325941313,1.0,1.0396946564885496,6372.288549618321,6625.2343546413385,100000000,11908396.946564887,11.908396946564887
전라남도,신안군,1.5649452269170578,4,0.24175617046305806,649,25089.0,-1.9485255228090066,0.0,0.6663969908720238,0,고밀도 안정형,-0.5128514127747932,1.2,1.0156494522691706,790.98779342723,803.366319145966,50000000,2816901.408450704,5.633802816901408
전라남도,여수시,4.608938547486034,4,0.05182049448359651,6741,227419.0,0.10079036986196276,0.0,-0.5937562644632152,1,저밀도 성장형,-0.19718635784050098,1.0,1.0460893854748603,7051.688547486033,7376.696539199775,100000000,13826815.6424581,13.8268156424581
전라남도,영광군,3.64741641337386,4,0.24805448178436282,1023,37154.0,-0.5465377886054386,0.0,0.7081839667717763,0,고밀도 안정형,0.06465847126653512,1.2,1.0364741641337385,1272.3756838905774,1318.7845234245801,50000000,6565349.544072948,13.130699088145898
전라남도,영암군,6.993006993006993,4,0.1665105177103117,1224,57881.0,1.705823246119474,0.0,0.16716979841739676,1,저밀도 성장형,0.7491972178147484,1.2,1.06993006993007,1571.5132867132868,1681.409320749181,100000000,25174825.174825173,25.174825174825173
전라남도,완도군,3.281519861830743,4,0.2540384898049001,1196,38276.0,-0.7928713180136614,0.0,0.7478856560312901,0,고밀도 안정형,-0.017994264792948578,1.2,1.0328151986183074,1482.2963730569945,1530.9382229500566,50000000,5906735.751295337,11.813471502590675
전라남도,장성군,4.285714285714286,4,0.20834998230452206,730,31852.0,-0.11681477797780741,0.0,0.44475923619936947,0,고밀도 안정형,0.13117778328862484,1.2,1.042857142857143,913.5428571428572,952.6946938775511,50000000,7714285.714285715,15.42857142857143
전라남도,장흥군,1.7789072426937738,4,0.3191316431972767,801,28522.0,-1.8044792936677476,0.0,1.1797547544744353,0,고밀도 안정형,-0.249889815677325,1.2,1.0177890724269378,978.2988564167725,995.7018856287609,50000000,3202033.036848793,6.404066073697585
전라남도,진도군,7.453416149068323,4,0.32562683165092804,692,25604.0,2.015785753025156,0.0,1.2228479376359265,1,저밀도 성장형,1.2954534762644332,1.2,1.0745341614906831,892.2931677018632,958.7994907603871,100000000,26832298.13664596,26.83229813664596
전라남도,함평군,4.710920770877944,4,0.2555883156939066,489,23051.0,0.16944813916610144,0.0,0.7581681799919047,0,고밀도 안정형,0.37104652766320245,1.2,1.0471092077087794,614.4436830835117,643.3896381752403,50000000,8479657.3875803,16.9593147751606
전라남도,해남군,6.289808917197452,4,0.1597185316806194,1335,55354.0,1.2324072951991956,0.0,0.12210747265173212,1,저밀도 성장형,0.5418059071403711,1.2,1.0628980891719746,1702.7627388535034,1809.8632614406267,100000000,22643312.101910826,22.643312101910826
전라남도,화순군,4.797047970479705,4,0.21140350713952075,1136,48851.0,0.22743178773144745,0.0,0.4650182488426113,1,저밀도 성장형,0.2769800146296235,1.2,1.047970479704797,1428.5933579335795,1497.1236666167401,100000000,17269372.693726934,17.269372693726933
전북특별자치도,고창군,4.9504950495049505,4,0.1907047620418363,1060,42430.0,0.33073738160561406,0.0,0.32768969862847525,1,저밀도 성장형,0.26337083209363576,1.2,1.0495049504950495,1334.9702970297028,1401.0579354965198,100000000,17821782.17821782,17.82178217821782
전북특별자치도,군산시,7.759387791421961,4,0.0524005002339546,6055,223074.0,2.2217758730247446,0.0,-0.5899081399302237,1,저밀도 성장형,0.6527470932378083,1.0,1.0775938779142196,6524.8309307705995,7031.117865423737,100000000,23278163.374265883,23.278163374265883
전북특별자치도,남원시,8.420441347270616,4,0.13333396179549925,1867,61146.0,2.666818754279847,0.0,-0.05294443089349523,1,저밀도 성장형,1.0455497293545408,1.2,1.0842044134727062,2429.051567944251,2633.5884305179543,100000000,30313588.85017422,30.313588850174217
전북특별자치도,부안군,6.047197640117994,4,0.2910826290064852,1438,36867.0,1.069073446041077,0.0,0.9936598759888771,1,저밀도 성장형,0.8250933288119816,1.2,1.0604719764011798,1829.9504424778759,1940.6111624507266,100000000,21769911.504424777,21.769911504424776
전북특별자치도,순창군,5.252918287937743,4,0.4285705232204421,541,19724.0,0.5343385999938002,0.0,1.905841416236427,0,고밀도 안정형,0.9760720064920909,1.2,1.0525291828793775,683.3019455252918,719.1952383836242,50000000,9455252.918287938,18.91050583657588
전북특별자치도,익산시,7.621951219512195,4,0.0481747485095596,5648,227209.0,2.129249076350876,0.0,-0.6179444462443185,1,저밀도 성장형,0.604521852042623,1.0,1.076219512195122,6078.487804878049,6541.787180249851,100000000,22865853.658536587,22.865853658536587
전북특별자치도,임실군,4.45632798573975,4,0.39144904282025006,586,17407.0,-0.001952053211963347,0.0,1.6595540659114483,0,고밀도 안정형,0.663040805079794,1.2,1.0445632798573976,734.536898395722,767.2702717645154,50000000,8021390.374331551,16.0427807486631
전북특별자치도,장수군,6.8181818181818175,4,0.42719893836519146,423,15717.0,1.5881252187331176,0.0,1.8967414558872213,1,저밀도 성장형,1.3939466698481358,1.2,1.0681818181818181,542.2090909090908,579.1778925619834,100000000,24545454.545454543,24.545454545454543
전북특별자치도,전주시 덕진구,7.789317507418398,4,0.044336760059371594,5812,271966.0,2.241925537033587,0.0,-0.6434080860502834,1,저밀도 성장형,0.6394069803933216,1.0,1.077893175074184,6264.715133531157,6752.69368621719,100000000,23367952.52225519,23.36795252225519
전북특별자치도,전주시 완산구,8.002904865649963,4,0.0471409032659853,7436,290497.0,2.385719534457911,0.0,-0.6248036286621803,1,저밀도 성장형,0.7043663623182924,1.0,1.0800290486564996,8031.096005809732,8673.8169788237,100000000,24008714.59694989,24.00871459694989
전북특별자치도,정읍시,5.813385442110405,4,0.0970414716540786,2166,86513.0,0.9116634247905309,0.0,-0.2937317361750933,1,저밀도 성장형,0.24717267544617502,1.2,1.058133854421104,2750.3015144113333,2910.187142264264,100000000,20928187.591597456,20.928187591597457
충청남도,계룡시,5.540166204986149,4,0.24425519475024426,762,35451.0,0.7277232955403395,0.0,0.6829770966073994,1,저밀도 성장형,0.5642801568590956,1.2,1.0554016620498614,965.0592797783931,1018.5251678547584,100000000,19944598.337950137,19.944598337950136
충청남도,공주시,1.9674612183125235,4,0.11679906928260754,2695,84211.0,-1.677538588426787,0.0,-0.16264735278686238,0,고밀도 안정형,-0.7360743764854598,1.2,1.0196746121831253,3297.6276958002272,3362.5072418394298,50000000,3541430.192962542,7.082860385925084
충청남도,금산군,2.202283849918434,4,0.24157537219091507,1253,42169.0,-1.5194483102198486,0.0,0.6651974609257665,0,고밀도 안정형,-0.34170033971763286,1.2,1.0220228384991843,1536.7135399673734,1570.5563340775848,50000000,3964110.9298531804,7.928221859706361
충청남도,논산시,3.307607497243661,4,0.11860029376250635,2811,101723.0,-0.7753082683536491,0.0,-0.15069689176773585,0,고밀도 안정형,-0.370402064048554,1.2,1.0330760749724366,3484.772216097023,3600.034803178512,50000000,5953693.495038589,11.907386990077178
충청남도,당진시,5.123247945867569,4,0.09611264136429575,4350,140995.0,0.4470402833329681,0.0,-0.29989418305237403,1,저밀도 성장형,0.058858440112237634,1.2,1.0512324794586756,5487.433542774287,5768.568369035318,100000000,18443692.605123248,18.44369260512325
충청남도,보령시,1.3944954128440368,4,0.13351430973319317,2763,80523.0,-2.0632779141898663,0.0,-0.051747888750445885,0,고밀도 안정형,-0.8460103211761248,1.2,1.0139449541284404,3361.835889908257,3408.716537180372,50000000,2510091.7431192663,5.020183486238532
충청남도,부여군,3.514132925897632,4,0.16339181634904545,1355,51509.0,-0.6362685929636397,0.0,0.14647836352739188,0,고밀도 안정형,-0.19591609177449912,1.2,1.0351413292589764,1683.1398013750957,1742.287571324106,50000000,6325439.266615737,12.650878533231474
충청남도,서산시,4.479917610710608,4,0.07716935943612589,4058,148547.0,0.013929254091920728,0.0,-0.4255758816875359,1,저밀도 성장형,-0.1646586510382461,1.0,1.044799176107106,4239.795056642636,4429.734382043207,100000000,13439752.832131824,13.439752832131823
충청남도,서천군,2.5795356835769563,4,0.21762289400141555,1193,41530.0,-1.2654700333847446,0.0,0.5062815900226718,0,고밀도 안정형,-0.3036753773448291,1.2,1.0257953568357696,1468.528632846088,1506.4098529538976,50000000,4643164.230438521,9.286328460877042
충청남도,아산시,5.8044806517311605,4,0.047423502867628725,7273,322869.0,0.9056684285723134,0.0,-0.62292868438891,1,저밀도 성장형,0.11309589767336137,1.0,1.0580448065173116,7695.159877800407,8141.823944027111,100000000,17413441.955193482,17.41344195519348
충청남도,예산군,2.860114404576183,4,0.17067650021019612,1978,64744.0,-1.0765752588122655,0.0,0.1948095579403348,0,고밀도 안정형,-0.35270628034877227,1.2,1.0286011440457619,2441.48767550702,2511.3170162001484,50000000,5148205.928237129,10.296411856474258
충청남도,천안시 동남구,5.545217714923707,4,0.06124863991196782,5672,230938.0,0.7311241372987858,0.0,-0.5312039920053496,1,저밀도 성장형,0.07996805811737445,1.0,1.0554521771492371,5986.524748790473,6318.490579668694,100000000,16635653.144771121,16.63565314477112
충청남도,천안시 서북구,5.7541512915129145,4,0.052022411670173824,9171,357585.0,0.8717850566653295,0.0,-0.5924166182979469,1,저밀도 성장형,0.11174737534695306,1.0,1.057541512915129,9698.713214944648,10256.791846662518,100000000,17262453.874538742,17.262453874538743
충청남도,청양군,1.9858156028368796,4,0.31256045262579035,719,23715.0,-1.665181816271017,0.0,1.1361573252532804,0,고밀도 안정형,-0.2116097964070947,1.2,1.0198581560283688,879.9336170212766,897.407476082692,50000000,3574468.085106383,7.1489361702127665
충청남도,태안군,3.6585365853658534,4,0.24787562349277675,1955,50884.0,-0.539051325005654,0.0,0.7069973078820043,0,고밀도 안정형,0.06717839315054014,1.2,1.0365853658536586,2431.829268292683,2520.7986317668056,50000000,6585365.853658535,13.170731707317069
충청남도,홍성군,3.79746835443038,4,0.16967394186225843,2460,84293.0,-0.4455179126893585,0.0,0.18815795255181464,0,고밀도 안정형,-0.10294398405501755,1.2,1.0379746835443038,3064.1012658227846,3180.4595417401056,50000000,6835443.037974684,13.670886075949367
충청북도,괴산군,3.535911602209945,4,0.2858677887409583,937,30071.0,-0.6216064755448611,0.0,0.9590613314933838,0,고밀도 안정형,0.13498194237940905,1.2,1.0353591160220994,1164.1577900552486,1205.321380421843,50000000,6364640.883977901,12.729281767955802
충청북도,단양군,4.643628509719223,4,0.4796317378607137,969,22700.0,0.12414478737669714,0.0,2.2446137691316643,0,고밀도 안정형,0.9475034226033446,1.2,1.0464362850971922,1216.7961123110151,1273.2996034874445,50000000,8358531.317494601,16.7170626349892
충청북도,영동군,2.799227799227799,4,0.24328554733080346,1065,35303.0,-1.1175661135385515,0.0,0.6765438431081048,0,고밀도 안정형,-0.1764089081721787,1.2,1.0279922779922779,1313.7741312741312,1350.54966197582,50000000,5038610.038610038,10.077220077220076
충청북도,옥천군,3.546099290780142,4,0.2907353014387415,1168,37900.0,-0.6147477902923637,0.0,0.9913554855003455,0,고밀도 안정형,0.15064307808319272,1.2,1.0354609929078014,1451.3021276595744,1502.7667421155875,50000000,6382978.723404255,12.76595744680851
충청북도,음성군,3.479471120389701,4,0.1323093815092523,2974,102171.0,-0.6596040544497364,0.0,-0.059742143731845866,0,고밀도 안정형,-0.2877384792726329,1.2,1.034794711203897,3692.975365344468,3821.4713766647355,50000000,6263048.016701462,12.526096033402922
충청북도,제천시,4.511486299474122,4,0.09432453329902078,3776,110281.0,0.03518232818925805,0.0,-0.311757621491349,1,저밀도 성장형,-0.11063011732083639,1.2,1.0451148629947413,4735.624467201771,4949.271516234124,100000000,16241350.67810684,16.24135067810684
충청북도,증평군,5.8766859344894025,4,0.7276709629490338,1099,32134.0,0.9542793872401228,0.0,3.890262672814592,0,고밀도 안정형,1.937816824021886,1.2,1.058766859344894,1396.301734104046,1478.35800171517,50000000,10578034.682080925,21.15606936416185
충청북도,진천군,7.049608355091384,4,0.19934142778378683,2460,80134.0,1.7439291348816361,0.0,0.3849907948750706,1,저밀도 성장형,0.8515679719026827,1.2,1.0704960835509139,3160.1044386422973,3382.8794251784384,100000000,25378590.078328986,25.378590078328983
충청북도,청주시 상당구,4.1099053336411915,4,0.08954217319191932,4509,157363.0,-0.2351751163933583,0.0,-0.34348681942149967,1,저밀도 성장형,-0.2314647743259432,1.2,1.041099053336412,5633.178757792658,5864.697072012721,100000000,14795659.20110829,14.795659201108291
충청북도,청주시 서원구,3.456669912366115,4,0.07934034384611557,4250,170053.0,-0.674954573670356,0.0,-0.41117219971771796,0,고밀도 안정형,-0.4344507093552296,1.0,1.034566699123661,4396.908471275559,4548.895083476418,50000000,5185004.868549173,10.370009737098346
충청북도,청주시 청원구,4.68922804689228,4,0.1141916201976579,4733,169175.0,0.15484388766569512,0.0,-0.1799468171217011,1,저밀도 성장형,-0.010041171782402387,1.2,1.046892280468923,5945.929396151294,6224.747585044034,100000000,16881220.968812212,16.88122096881221
충청북도,청주시 흥덕구,5.624704584843233,4,0.07709456527014033,6704,235022.0,0.7846372986727098,0.0,-0.42607211343157636,1,저밀도 성장형,0.1434260740964534,1.0,1.0562470458484323,7081.080195367891,7479.370037773175,100000000,16874113.754529696,16.874113754529695
충청북도,충주시,4.45125247792395,4,0.05860590979729433,5796,183484.0,-0.005369051127172324,0.0,-0.5487375329781282,1,저밀도 성장형,-0.22164263364212025,1.0,1.0445125247792395,6053.994593620471,6323.473177982384,100000000,13353757.43377185,13.35375743377185
