region,district,R,F,M,total_restaurants,population,R_scaled,F_scaled,M_scaled,cluster,cluster_name,potential_score,density_weight,growth_multiplier,estimated_ltv,investment_score,marketing_investment,expected_additional_revenue,roi_ratio
강원특별자치도,강릉시,5.94900849858357,2,0.06269227008919526,5984,178746.0,1.0846099172841503,-1.7920375534738906,-0.5278060073184073,1,성장형 대도시,-0.13568594670848094,1.0,1.0594900849858357,6339.988668555241,6717.155133256828,100000000,17847025.49575071,17.84702549575071
강원특별자치도,고성군,4.70974808324206,2,0.3885247034247884,956,22369.0,0.39999839417156685,-1.7920375534738906,1.6187013741542644,0,포화형 소도시,0.4490723966355543,1.2,1.0470974808324205,1201.2302300109527,1257.8051477442177,50000000,8477546.549835706,16.955093099671412
강원특별자치도,동해시,4.327335047129392,2,0.15666594285070892,2435,71625.0,0.18873983392855762,-1.7920375534738906,0.09127043078107631,0,포화형 소도시,-0.2464034048109246,1.2,1.0432733504712939,3048.4447300771208,3180.361147274117,50000000,7789203.084832905,15.57840616966581
강원특별자치도,삼척시,2.010338885697875,2,0.20953252656231802,1776,46317.0,-1.0912512409792212,-1.7920375534738906,0.439543041363504,0,포화형 소도시,-0.6190907905410651,1.2,1.0201033888569788,2174.044342331993,2217.7500011382076,50000000,3618609.994256175,7.23721998851235
강원특별자치도,속초시,5.49558390578999,2,0.21165275402563538,3225,65962.0,0.8341220478692527,-1.7920375534738906,0.45351060086585826,0,포화형 소도시,0.15664554879926626,1.2,1.0549558390579,4082.679097154072,4307.046152542323,50000000,9892051.03042198,19.78410206084396
강원특별자치도,양구군,3.6020583190394513,2,0.49826309116152223,604,15743.0,-0.21192882243204494,-1.7920375534738906,2.341632044058444,0,포화형 소도시,0.49347377795578157,1.2,1.0360205831903946,750.907718696398,777.955852646011,50000000,6483704.9742710125,12.967409948542025
강원특별자치도,양양군,3.861003861003861,2,0.44176865117684544,1076,21747.0,-0.06887809661779827,-1.7920375534738906,1.969459970217117,0,포화형 소도시,0.40182523874494935,1.2,1.0386100386100385,1341.0532818532815,1392.8314008437555,50000000,6949806.949806949,13.8996138996139
강원특별자치도,영월군,3.0878859857482186,2,0.31783136482939633,868,28448.0,-0.495975903964829,-1.7920375534738906,1.152990298180233,0,포화형 소도시,-0.09560175300861656,1.2,1.0308788598574823,1073.7634204275537,1106.920010607027,50000000,5558194.774346794,11.116389548693588
강원특별자치도,원주시,4.588492352512746,2,0.04514304624186236,8616,292730.0,0.33301241650855196,-1.7920375534738906,-0.643416163562793,1,성장형 대도시,-0.4825690095164746,1.0,1.0458849235251275,9011.344501092499,9424.829354383706,100000000,13765477.057538236,13.765477057538236
강원특별자치도,인제군,2.2598870056497176,2,0.35201657524824304,1086,23023.0,-0.953391985269006,-1.7920375534738906,1.3781944184394153,0,포화형 소도시,-0.18848653742661436,1.2,1.0225988700564972,1332.6508474576272,1362.767250790003,50000000,4067796.6101694913,8.135593220338983
강원특별자치도,정선군,2.8545941123996434,2,0.290065009279313,1153,27797.0,-0.624854630958576,-1.7920375534738906,0.970072083026794,0,포화형 소도시,-0.2203205298674909,1.2,1.0285459411239963,1423.0961641391614,1463.719783454463,50000000,5138269.402319358,10.276538804638715
강원특별자치도,철원군,2.6591458501208702,2,0.3368256744709405,1274,32054.0,-0.7328272014303802,-1.7920375534738906,1.2781203395151888,0,포화형 소도시,-0.14029025546085472,1.2,1.0265914585012088,1569.453021756648,1611.1870666542866,50000000,4786462.530217566,9.57292506043513
강원특별자치도,춘천시,3.758594346829641,2,0.04715296166634331,6791,242459.0,-0.12545275406032744,-1.7920375534738906,-0.6301753138087705,0,포화형 소도시,-0.6606587378424174,1.0,1.0375859434682964,7046.2461420932,7311.085951253617,50000000,5637891.5202444615,11.275783040488923
강원특별자치도,태백시,3.616636528028933,2,0.24290735945710842,1146,29672.0,-0.20387530136658558,-1.7920375534738906,0.6594085852281909,0,포화형 소도시,-0.176194197150136,1.2,1.0361663652802893,1424.9359855334535,1476.4707408872853,50000000,6509945.750452081,13.019891500904162
강원특별자치도,평창군,2.7758501040943786,2,0.26811714238903056,1481,33477.0,-0.6683556213835797,-1.7920375534738906,0.8254847016992625,0,포화형 소도시,-0.29555587856850507,1.2,1.0277585010409438,1826.5324080499652,1877.2342098001377,50000000,4996530.187369881,9.993060374739763
강원특별자치도,홍천군,4.586129753914989,2,0.20625185778327784,1870,54949.0,0.33170723302613736,-1.7920375534738906,0.4179307675996956,0,포화형 소도시,-0.05855231044444495,1.2,1.04586129753915,2346.9127516778526,2454.5452156809756,50000000,8255033.55704698,16.51006711409396
강원특별자치도,화천군,3.062583222370173,2,0.5723226539207799,774,15368.0,-0.5099540502533372,-1.7920375534738906,2.8295190125348255,0,포화형 소도시,0.5694184742178172,1.2,1.0306258322237016,957.245272969374,986.5617060962655,50000000,5512649.8002663115,11.025299600532623
강원특별자치도,횡성군,3.5878564857405704,2,0.21879474022107984,1126,37841.0,-0.21977442018161764,-1.7920375534738906,0.5005603249524346,0,포화형 소도시,-0.24609314878645136,1.2,1.0358785648574056,1399.6791168353263,1449.8975948082589,50000000,6458141.674333027,12.916283348666052
경기도,가평군,4.836415362731152,4,0.2762200405572474,2211,50984.0,0.4699739038110462,0.41011804706367644,0.8788646876980317,1,성장형 대도시,0.6215590460163665,1.2,1.0483641536273116,2781.519772403983,2916.045621993934,100000000,17411095.305832148,17.41109530583215
경기도,고양시 덕양구,6.431501230516817,4,0.025539950056818615,6487,399362.0,1.3511560604598312,0.41011804706367644,-0.772556747359669,1,성장형 대도시,0.3134633346528002,1.0,1.0643150123051681,6904.211484823626,7348.25593142754,100000000,19294503.691550452,19.294503691550453
경기도,고양시 일산동구,4.397031539888683,4,0.05183451104161215,5627,264129.0,0.2272426550247956,0.41011804706367644,-0.5993343683943729,1,성장형 대도시,-0.06681307593509564,1.0,1.0439703153988869,5874.420964749536,6132.721107355406,100000000,13191094.619666047,13.191094619666046
경기도,고양시 일산서구,6.069008009858287,4,0.039214580808033354,3443,257475.0,1.1509019146476829,0.41011804706367644,-0.6824714984913843,1,성장형 대도시,0.26939577587525476,1.0,1.0606900800985828,3651.9559457794203,3873.593444645269,100000000,18207024.02957486,18.20702402957486
경기도,광명시,4.143126177024483,4,0.031536349135328524,3318,234325.0,0.08697630338068929,0.41011804706367644,-0.7330538815690785,1,성장형 대도시,-0.17640742186262037,1.0,1.0414312617702448,3455.468926553672,3598.633364188664,100000000,12429378.53107345,12.42937853107345
경기도,광주시,7.087064202705277,4,0.0362622650611973,5621,334794.0,1.7133123589505515,0.41011804706367644,-0.7019206597616334,1,성장형 대도시,0.48658028908830264,1.0,1.0708706420270528,6019.363878834064,6445.960061521485,100000000,21261192.60811583,21.26119260811583
경기도,구리시,6.529093369418133,4,0.0720700497997407,3149,161231.0,1.405069428489611,0.41011804706367644,-0.4660274017804559,1,성장형 대도시,0.4576404200963974,1.0,1.0652909336941814,3354.601150202977,3573.626191471304,100000000,19587280.1082544,19.587280108254397
경기도,군포시,5.580215599239061,4,0.04599506595872019,3330,237374.0,0.8808756049412739,0.41011804706367644,-0.6378032582032092,1,성장형 대도시,0.1792525481079612,1.0,1.0558021559923907,3515.821179454661,3712.011581351941,100000000,16740646.797717182,16.740646797717183
경기도,김포시,6.5433012583271655,4,0.034204283608175234,7197,432947.0,1.4129183715735767,0.41011804706367644,-0.7154781571986547,1,성장형 대도시,0.3609996951627041,1.0,1.0654330125832716,7667.921391561806,8169.6565884634065,100000000,19629903.7749815,19.6299037749815
경기도,남양주시,7.3141223053233615,4,0.03006718322110039,9757,583645.0,1.8387473293119525,0.41011804706367644,-0.742732400822718,1,성장형 대도시,0.5204295808084292,1.0,1.0731412230532336,10470.6389133304,11236.474249600165,100000000,21942366.915970083,21.942366915970084
경기도,동두천시,5.65597667638484,4,0.12904828456941458,1812,77576.0,0.9227287181169483,0.41011804706367644,-0.09066820176361823,1,성장형 대도시,0.4148478159540674,1.2,1.0565597667638484,2297.383556851312,2427.3230349939226,100000000,20361516.034985423,20.36151603498542
경기도,부천시 소사구,0.0,1,0.03989377396744327,2623,214868.0,-2.20183393164864,-2.893115353742674,-0.6779971338150553,0,포화형 소도시,-1.7305554969340131,1.0,1.0,2623.0,2623.0,50000000,0.0,0.0
경기도,부천시 오정구,0.0,1,0.067261258367374,2060,138583.0,-2.20183393164864,-2.893115353742674,-0.49770658791876876,0,포화형 소도시,-1.6584392785754984,1.0,1.0,2060.0,2060.0,50000000,0.0,0.0
경기도,부천시 원미구,0.0,1,0.03450830491827806,8151,374927.0,-2.20183393164864,-2.893115353742674,-0.7134753363634785,0,포화형 소도시,-1.7447467779533823,1.0,1.0,8151.0,8151.0,50000000,0.0,0.0
경기도,성남시 분당구,4.074542008843967,4,0.02411713517623525,6590,417813.0,0.04908796993744484,0.41011804706367644,-0.781929916913038,1,성장형 대도시,-0.21111316937750202,1.0,1.0407454200884396,6858.512318382817,7137.965283977063,100000000,12223626.0265319,12.2236260265319
경기도,성남시 수정구,5.539817437834435,4,0.03263305185274176,3353,230378.0,0.8585582239713125,0.41011804706367644,-0.7258290621914935,1,성장형 대도시,0.1351152741246629,1.0,1.0553981743783443,3538.7500786905885,3734.7903726312693,100000000,16619452.313503306,16.619452313503306
경기도,성남시 중원구,0.336494340776996,4,0.05971548883053642,3280,188753.0,-2.0159424916363164,0.41011804706367644,-0.5474163416222351,1,성장형 대도시,-0.9433199238906853,1.0,1.00336494340777,3291.037014377486,3302.1111676837427,100000000,1009483.022330988,1.009483022330988
경기도,수원시 권선구,5.706929843381248,4,0.04117942658463378,4927,319059.0,0.9508770595252456,0.41011804706367644,-0.66952755696981,1,성장형 대도시,0.19456341043490955,1.0,1.0570692984338126,5208.180433383394,5505.407636833294,100000000,17120789.530143745,17.120789530143746
경기도,수원시 영통구,5.060816681146829,4,0.03837552324236533,4837,313542.0,0.5939411721004089,0.41011804706367644,-0.6879990122497582,1,성장형 대도시,0.04440047335299552,1.0,1.0506081668114682,5081.791702867071,5338.971865066903,100000000,15182450.043440485,15.182450043440484
경기도,수원시 장안구,5.0157638291774145,4,0.046812120168961094,3664,235754.0,0.5690523745357366,0.41011804706367644,-0.6324206973715836,1,성장형 대도시,0.056676280278396496,1.0,1.050157638291774,3847.7775867010605,4040.773023122008,100000000,15047291.487532243,15.047291487532243
경기도,수원시 팔달구,7.1590052750565185,4,0.06924560275813708,4266,188400.0,1.75305516563349,0.41011804706367644,-0.48463419411636954,1,성장형 대도시,0.5893919980195836,1.0,1.0715900527505653,4571.403165033911,4898.67015876279,100000000,21477015.825169552,21.477015825169552
경기도,시흥시,6.525981946816296,4,0.02896707644482125,8733,478540.0,1.403350567998208,0.41011804706367644,-0.7499796453389174,1,성장형 대도시,0.3433719784764515,1.0,1.065259819468163,9302.914003415468,9910.020491806208,100000000,19577945.84044889,19.57794584044889
경기도,안산시 단원구,4.6717367685860625,4,0.047037610489387136,6744,363895.0,0.37899959222485685,0.41011804706367644,-0.6309352202130017,1,성장형 대도시,-0.018750641782522698,1.0,1.0467173676858605,7059.061927673443,7388.842719265823,100000000,14015210.30575819,14.015210305758188
경기도,안산시 상록구,5.792420327304048,4,0.03975789038952739,4913,314435.0,0.9981050429946368,0.41011804706367644,-0.6788923028442138,1,성장형 대도시,0.2097087054729045,1.0,1.0579242032730405,5197.581610680449,5498.64738442572,100000000,17377260.981912144,17.377260981912144
경기도,안성시,6.695085255767302,4,0.06471986868026833,4255,185720.0,1.4967692493916762,0.41011804706367644,-0.5144486650248631,1,성장형 대도시,0.4749518431594606,1.0,1.066950852557673,4539.875877632899,4843.824438146435,100000000,20085255.76730191,20.08525576730191
경기도,안양시 동안구,6.3749051353402475,4,0.03243551518751924,4205,273506.0,1.3198903648551035,0.41011804706367644,-0.7271303872488886,1,성장형 대도시,0.3191276004552213,1.0,1.0637490513534025,4473.064760941058,4758.218396093384,100000000,19124715.406020742,19.12471540602074
경기도,안양시 만안구,3.9001560062402496,4,0.042845149523781954,3330,207258.0,-0.047249059289092295,0.41011804706367644,-0.6585541662985157,1,성장형 대도시,-0.20029768082230792,1.0,1.0390015600624025,3459.8751950078004,3594.8157252343135,100000000,11700468.01872075,11.70046801872075
경기도,양평군,4.34583714547118,4,0.09144185240266775,2281,95574.0,0.1989610510107317,0.41011804706367644,-0.3384105256642987,1,성장형 대도시,0.0262438195513085,1.2,1.0434583714547119,2856.154254345837,2980.2780668631544,100000000,15645013.72369625,15.64501372369625
경기도,여주시,5.1681706316652996,4,0.10608082249873295,2564,96681.0,0.6532473120099529,0.41011804706367644,-0.24197243616325234,1,성장형 대도시,0.2465335597514155,1.2,1.051681706316653,3235.814273995078,3403.0466769989257,100000000,18605414.27399508,18.60541427399508
경기도,연천군,5.398230088495575,4,0.27231023337741517,1191,33134.0,0.780340337170145,0.41011804706367644,0.8531077982265624,1,성장형 대도시,0.7354028635714183,1.2,1.0539823008849558,1506.3515044247788,1587.667824575143,100000000,19433628.31858407,19.43362831858407
경기도,오산시,6.678230702515179,4,0.06248251145830202,3690,214751.0,1.4874581948058339,0.41011804706367644,-0.529187847809026,1,성장형 대도시,0.4653317482114584,1.0,1.0667823070251519,3936.4267129228106,4199.310370247231,100000000,20034692.107545536,20.034692107545535
경기도,용인시 기흥구,5.2908841044434265,4,0.0253386879156672,4597,380340.0,0.721038598219895,0.41011804706367644,-0.7738826149756393,1,성장형 대도시,0.06088600271043759,1.0,1.0529088410444343,4840.221942281265,5096.312475645207,100000000,15872652.313330278,15.872652313330276
경기도,용인시 수지구,6.8166089965397925,4,0.027182278176055924,3087,313720.0,1.5639032853333201,0.41011804706367644,-0.7617374762556406,1,성장형 대도시,0.40288993304380716,1.0,1.068166089965398,3297.428719723184,3522.2015424863216,100000000,20449826.989619378,20.44982698961938
경기도,용인시 처인구,7.033780657103193,4,0.05512828486550898,4626,232447.0,1.6838766335292492,0.41011804706367644,-0.5776357616795095,1,성장형 대도시,0.5245199581526313,1.0,1.0703378065710318,4951.382693197594,5299.6520913308805,100000000,21101341.97130958,21.10134197130958
경기도,의왕시,4.810996563573884,4,0.06445340846952444,1525,127207.0,0.4559316552317152,0.41011804706367644,-0.5162040421780068,1,성장형 대도시,0.05791465463421869,1.0,1.0481099656357389,1598.3676975945018,1675.2651125990483,100000000,14432989.690721652,14.432989690721651
경기도,의정부시,5.299417064122947,4,0.03959265474757725,7948,392846.0,0.7257525085897707,0.41011804706367644,-0.6799808363628002,1,성장형 대도시,0.10033227830352354,1.0,1.0529941706412296,8369.197668256493,8812.716357618257,100000000,15898251.19236884,15.89825119236884
경기도,이천시,5.296404275996112,4,0.06008410999046529,4334,191841.0,0.724088137289926,0.41011804706367644,-0.5449879521809072,1,성장형 대도시,0.1536636834563428,1.0,1.0529640427599611,4563.546161321672,4805.25001534697,100000000,15889212.827988334,15.889212827988333
경기도,파주시,7.133609528741585,4,0.035371460390782185,8275,393186.0,1.739025652264053,0.41011804706367644,-0.7077890712666569,1,성장형 대도시,0.49451824181169374,1.0,1.0713360952874158,8865.306188503366,9497.722515518559,100000000,21400828.586224753,21.400828586224755
경기도,평택시,8.036485837734038,4,0.030373915861488854,11252,499258.0,2.2378066327823825,0.41011804706367644,-0.7407117183817704,1,성장형 대도시,0.6808615751729802,1.0,1.0803648583773404,12156.265386461833,13133.201932642203,100000000,24109457.513202116,24.109457513202116
경기도,포천시,3.6738802214393558,4,0.08305348140237014,4120,150323.0,-0.17225184946805994,0.41011804706367644,-0.3936711394906855,1,성장형 대도시,-0.14434558617076293,1.0,1.0367388022143935,4271.363865123301,4428.2886573497735,100000000,11021640.664318068,11.021640664318069
경기도,화성시,8.303355113427795,4,0.019968409629442845,14752,815416.0,2.385234710886779,0.41011804706367644,-0.8092607443531722,1,성장형 대도시,0.7124131960261779,1.0,1.083033551134278,15976.910946332868,17303.530598363002,100000000,24910065.340283383,24.91006534028338
경상남도,거제시,4.033195020746888,4,0.06461511411433254,6268,207276.0,0.026246423361087606,0.41011804706367644,-0.5151387634497566,1,성장형 대도시,-0.11353332662273233,1.0,1.0403319502074688,6520.800663900415,6783.797271589677,100000000,12099585.062240664,12.099585062240664
경상남도,거창군,3.73900293255132,4,0.27334543909129544,1415,47060.0,-0.1362757480033034,0.41011804706367644,0.8599274898190751,1,성장형 대도시,0.37148430613904393,1.2,1.0373900293255132,1761.4882697947212,1827.3503678588932,100000000,13460410.557184748,13.46041055718475
경상남도,고성군,3.8860103626943006,4,0.21368090673174786,1203,42330.0,-0.05506361582096628,0.41011804706367644,0.46687159353886315,1,성장형 대도시,0.24674680049989403,1.2,1.038860103626943,1499.6984455958548,1557.976882600875,100000000,13989637.305699479,13.989637305699478
경상남도,김해시,4.065596173556543,4,0.041642222993926406,12184,489277.0,0.044145972399381124,0.41011804706367644,-0.6664787631511709,1,성장형 대도시,-0.16690950688798062,1.0,1.0406559617355655,12679.35223778613,13194.84349719732,100000000,12196788.520669628,12.196788520669628
경상남도,남해군,2.8003613369467026,4,0.2465720419371809,1138,32502.0,-0.6548147447053132,0.41011804706367644,0.683550650871261,1,성장형 대도시,0.09351797187911443,1.2,1.028003613369467,1403.841734417344,1443.1543755798893,100000000,10081300.81300813,10.08130081300813
경상남도,밀양시,2.7928626842513578,4,0.12029541649042252,2650,82506.0,-0.6589572671158572,0.41011804706367644,-0.14833003655482227,1,성장형 대도시,-0.24089131205553652,1.2,1.0279286268425136,3268.8130333591935,3360.1064927858274,100000000,10054305.663304888,10.054305663304888
경상남도,사천시,4.689203925845147,4,0.10897151098762016,2880,87513.0,0.3886490710491229,0.41011804706367644,-0.22292926076351022,1,성장형 대도시,0.14831153352698034,1.2,1.0468920392584515,3618.0588876772085,3787.7170470775577,100000000,16881134.13304253,16.88113413304253
경상남도,산청군,3.129074315514994,4,0.2369240962289232,791,26497.0,-0.4732220058922236,0.41011804706367644,0.6199922553278284,1,성장형 대도시,0.14073170918697722,1.2,1.03129074315515,978.9011734028683,1009.5317185940922,100000000,11264667.535853978,11.264667535853977
경상남도,양산시,4.335417232943735,4,0.06465563417129686,7677,288196.0,0.193204720785217,0.41011804706367644,-0.514871826851453,1,성장형 대도시,-0.04664323301375914,1.0,1.0433541723294373,8009.82998097309,8357.08953029769,100000000,13006251.698831204,13.006251698831203
경상남도,의령군,3.364485981308411,4,0.2983411047684404,553,19931.0,-0.343172230169428,0.41011804706367644,1.0245930522112452,1,성장형 대도시,0.35459193822946217,1.2,1.033644859813084,685.9267289719626,709.0046376102715,100000000,12112149.53271028,12.11214953271028
경상남도,진주시,4.6935111567068475,4,0.04282216263230037,8164,293758.0,0.3910285385477386,0.41011804706367644,-0.6587055985293013,1,성장형 대도시,-0.025047214579889815,1.0,1.0469351115670684,8547.178250833547,8948.34101562004,100000000,14080533.470120542,14.080533470120542
경상남도,창녕군,3.0303030303030303,4,0.1705122187049898,1530,49302.0,-0.527786776275949,0.41011804706367644,0.18248643718922072,1,성장형 대도시,-0.05609652622195606,1.2,1.0303030303030303,1891.6363636363635,1948.9586776859503,100000000,10909090.909090908,10.909090909090908
경상남도,창원시 마산합포구,2.9870708872046365,4,0.08577837600665195,4620,142864.0,-0.5516697495135443,0.41011804706367644,-0.3757201751807522,1,성장형 대도시,-0.28893236046498333,1.0,1.0298707088720465,4758.002674988855,4900.127587705865,100000000,8961212.66161391,8.96121266161391
경상남도,창원시 마산회원구,3.1657872813107466,4,0.081584505944985,3715,152293.0,-0.4529404580268509,0.41011804706367644,-0.4033484040594701,1,성장형 대도시,-0.2604919354217931,1.0,1.0316578728131074,3832.608997500694,3953.941245685942,100000000,9497361.843932241,9.497361843932241
경상남도,창원시 성산구,3.415559772296015,4,0.09049518901007828,5450,206956.0,-0.3149572517788517,0.41011804706367644,-0.34464692128385443,1,성장형 대도시,-0.1818180598123472,1.2,1.0341555977229602,6763.377609108159,6994.384813973334,100000000,12296015.180265654,12.296015180265654
경상남도,창원시 의창구,5.048133364639587,4,0.10559666078528986,4474,175804.0,0.5869344570269278,0.41011804706367644,-0.2451619795770035,1,성장형 대도시,0.21873260039270503,1.2,1.0504813336463958,5639.82418408077,5924.530030424363,100000000,18173280.11270251,18.17328011270251
경상남도,창원시 진해구,0.5136586504786365,4,0.07557038525624417,4305,158241.0,-1.918070626768749,0.41011804706367644,-0.4429680156472264,1,성장형 대도시,-0.8623918475536549,1.0,1.0051365865047863,4327.113004903105,4349.339595168776,100000000,1540975.9514359096,1.5409759514359096
경상남도,통영시,3.4887408816999685,4,0.10526884947954669,3263,98716.0,-0.27452940453069874,0.41011804706367644,-0.24732152330414123,1,성장형 대도시,-0.12671676172120072,1.2,1.0348874088169997,4052.2051379638438,4193.576075222335,100000000,12559467.174119886,12.559467174119888
경상남도,하동군,1.7513134851138354,4,0.23865191652687115,1162,32033.0,-1.2343460835348257,0.41011804706367644,0.6313747287833905,1,성장형 대도시,-0.1591649324878388,1.2,1.0175131348511384,1418.8203152364272,1443.6683067466975,100000000,6304728.546409806,6.304728546409806
경상남도,함안군,4.097222222222222,4,0.16488182186163566,1499,56821.0,0.061617326344852695,0.41011804706367644,0.14539470797995452,1,성장형 대도시,0.16482842314265816,1.2,1.0409722222222222,1872.5008333333333,1949.2213535879628,100000000,14749999.999999998,14.75
경상남도,함양군,5.875440658049354,4,0.3029182356105433,901,28600.0,1.043968426006989,0.41011804706367644,1.054746112905547,1,성장형 대도시,0.9215094249777498,1.2,1.0587544065804935,1144.7252643948295,1211.9829180020463,100000000,21151586.36897767,21.15158636897767
경상남도,합천군,1.5950920245398774,4,0.1814338003281585,828,32832.0,-1.3206483737898862,0.41011804706367644,0.2544352463715846,1,성장형 대도시,-0.3444616415545854,1.2,1.0159509202453987,1009.448834355828,1025.5504722044484,100000000,5742331.288343558,5.742331288343558
경상북도,경산시,5.207059234667133,4,0.060550142849462564,6021,240189.0,0.6747307592363931,0.41011804706367644,-0.541917837393359,1,성장형 대도시,0.13514877814994894,1.0,1.0520705923466713,6334.517036519308,6664.35909084095,100000000,15621177.704001397,15.621177704001395
경상북도,경주시,4.673780899635283,4,0.05694534499105248,7749,231032.0,0.38012884290834875,0.41011804706367644,-0.5656653972436229,1,성장형 대도시,0.007808987678625645,1.0,1.0467378089963528,8111.171281912738,8490.269656023478,100000000,14021342.69890585,14.021342698905851
경상북도,고령군,2.7480916030534353,4,0.25398737535560123,673,29118.0,-0.6836904044862301,0.41011804706367644,0.7324011221266081,1,성장형 대도시,0.10150789646888653,1.2,1.0274809160305343,829.7935877862594,852.5970756948893,100000000,9893129.770992367,9.893129770992367
경상북도,구미시,5.253564919052215,4,0.043104358228663694,9817,346124.0,0.7004221530920502,0.41011804706367644,-0.6568465603592458,1,성장형 대도시,0.09945384650585704,1.0,1.0525356491905222,10332.742468103357,10875.579801583646,100000000,15760694.757156644,15.760694757156642
경상북도,김천시,2.6211015262110156,4,0.08139520165154628,3093,112759.0,-0.7538442388627721,0.41011804706367644,-0.40459549618916046,1,성장형 대도시,-0.3813522846080377,1.0,1.0262110152621102,3174.070670205707,3257.266284985485,100000000,7863304.578633048,7.8633045786330475
경상북도,문경시,3.7606837606837606,4,0.16016836941211612,1821,51213.0,-0.12429848754509529,0.41011804706367644,0.11434359262124005,1,성장형 대도시,0.0780416514431932,1.2,1.0376068376068377,2267.378461538462,2352.6473951347803,100000000,13538461.538461536,13.538461538461535
경상북도,봉화군,3.102189781021898,4,0.2616312453462053,565,22036.0,-0.48807397879448,0.41011804706367644,0.7827571385301377,1,성장형 대도시,0.1998968733069984,1.2,1.031021897810219,699.0328467153284,720.7181722521178,100000000,11167883.21167883,11.16788321167883
경상북도,상주시,3.0606860158311346,4,0.10300833929776056,1953,72365.0,-0.5110021346125816,0.41011804706367644,-0.26221323233821553,1,성장형 대도시,-0.22726253736758356,1.2,1.0306068601583114,2415.3302374670184,2489.2559122813122,100000000,11018469.656992085,11.018469656992085
경상북도,성주군,4.638619201725998,4,0.20870789587154265,970,37481.0,0.3607042705885214,0.41011804706367644,0.43411056846135077,1,성장형 대도시,0.3999495450326842,1.2,1.04638619201726,1217.9935275080904,1274.4916091508605,100000000,16699029.126213592,16.699029126213592
경상북도,안동시,6.068965517241379,4,0.07331011509516473,3845,127302.0,1.1508784402150114,0.41011804706367644,-0.45785814348137727,1,성장형 대도시,0.359231728106189,1.0,1.0606896551724139,4078.3517241379313,4325.865483947682,100000000,18206896.551724136,18.206896551724135
경상북도,영덕군,2.611150317572336,4,0.3959711164397458,1454,28465.0,-0.7593416403924258,0.41011804706367644,1.6677565904765688,1,성장형 대도시,0.44538958944639256,1.2,1.0261115031757233,1790.359350741002,1837.1083246135615,100000000,9400141.143260408,9.400141143260408
경상북도,영양군,3.571428571428571,4,0.4922345752355088,261,11783.0,-0.22884978424511146,0.41011804706367644,2.3019176000356616,1,성장형 대도시,0.9112507357289554,1.2,1.0357142857142858,324.3857142857143,335.970918367347,100000000,12857142.857142856,12.857142857142856
경상북도,영주시,4.309252217997465,4,0.09943183705936927,2469,80883.0,0.17875023606765833,0.41011804706367644,-0.2857743873035761,1,성장형 대도시,0.03921394891836817,1.2,1.0430925221799747,3090.4745247148285,3223.650866717749,100000000,15513307.984790877,15.513307984790877
경상북도,영천시,3.86946386946387,4,0.11110479456085182,2228,82185.0,-0.06420448709581894,0.41011804706367644,-0.2088756906819835,1,성장형 대도시,-0.0272084616983857,1.2,1.0386946386946387,2777.053986013986,2884.511086638304,100000000,13930069.93006993,13.93006993006993
경상북도,예천군,6.010362694300518,4,0.17625198348089915,1023,42994.0,1.1185041568314955,0.41011804706367644,0.2202986565968471,1,성장형 대도시,0.6175447347840723,1.2,1.060103626943005,1301.383212435233,1379.6010635453297,100000000,21637305.699481864,21.637305699481864
경상북도,울릉군,3.614457831325301,4,1.454791508077476,344,5630.0,-0.20507889090290032,0.41011804706367644,8.643016122001853,0,포화형 소도시,3.457198501852317,1.2,1.036144578313253,427.7204819277108,443.18025838292925,50000000,6506024.09638554,13.012048192771081
경상북도,울진군,4.831932773109244,4,0.23086617534478793,1497,38828.0,0.46749756189731095,0.41011804706367644,0.5800840983618185,1,성장형 대도시,0.501056273516387,1.2,1.0483193277310925,1883.2008403361344,1974.1958389238048,100000000,17394957.98319328,17.39495798319328
경상북도,의성군,2.751196172248804,4,0.16526604177248308,859,36095.0,-0.6819753300602758,0.41011804706367644,0.1479258583209438,1,성장형 대도시,-0.13159617928299755,1.2,1.027511961722488,1059.1593301435405,1088.2988810924655,100000000,9904306.220095694,9.904306220095695
경상북도,청도군,3.867403314917127,4,0.23090858844842937,940,32567.0,-0.06534281070338248,0.41011804706367644,0.5803635059060754,1,성장형 대도시,0.2880318874938125,1.2,1.0386740331491713,1171.624309392265,1216.9357467720765,100000000,13922651.933701657,13.922651933701658
경상북도,청송군,4.580152671755725,4,0.3598203104645202,685,18664.0,0.3284052802887096,0.41011804706367644,1.4296035893231025,1,성장형 대도시,0.7852271572574602,1.2,1.0458015267175573,859.6488549618321,899.0220849600839,100000000,16488549.618320609,16.488549618320608
경상북도,칠곡군,4.7686832740213525,4,0.13858596745526977,2944,103122.0,0.4325562893684561,0.41011804706367644,-0.027836191742234808,1,성장형 대도시,0.24391164846322377,1.2,1.0476868327402136,3701.2680427046266,3877.76979278378,100000000,17167259.78647687,17.16725978647687
경상북도,포항시 남구,3.8930210476341194,4,0.09208545760504058,6565,192163.0,-0.05119066415132938,0.41011804706367644,-0.3341706060727932,1,성장형 대도시,-0.07212089867691376,1.2,1.0389302104763412,8184.692198132615,8503.323988089986,100000000,14014875.771482829,14.01487577148283
경상북도,포항시 북구,4.624379872430899,4,0.07322664292064905,5905,220328.0,0.35283795871723267,0.41011804706367644,-0.4584080385207116,1,성장형 대도시,0.039795577491343714,1.0,1.046243798724309,6178.069631467044,6463.767040009371,100000000,13873139.617292698,13.873139617292699
광주광역시,광산구,5.041677870395268,4,0.04096843615073683,7813,361189.0,0.5833682124407729,0.41011804706367644,-0.6709175122886946,1,성장형 대도시,0.047003889473566596,1.0,1.0504167787039527,8206.906292013982,8620.672070382529,100000000,15125033.611185802,15.1250336111858
광주광역시,남구,5.358914985114125,4,0.050379980523748064,3185,162937.0,0.7586212759671079,0.41011804706367644,-0.6089164731014167,1,성장형 대도시,0.14190553055901176,1.0,1.0535891498511412,3355.681442275885,3535.5095579387007,100000000,16076744.955342375,16.076744955342377
광주광역시,동구,3.9455307262569828,4,0.10037863685001926,2977,90145.0,-0.02218245036904363,0.41011804706367644,-0.279537093125701,1,성장형 대도시,-0.03866420798516257,1.2,1.0394553072625698,3713.3501396648044,3859.861510398786,100000000,14203910.61452514,14.203910614525139
광주광역시,북구,4.627209838585703,4,0.025862237537713134,6806,372753.0,0.3544013326583451,0.41011804706367644,-0.7704335932905225,1,성장형 대도시,-0.08438929484013571,1.0,1.046272098385857,7120.927901614144,7450.4281780762285,100000000,13881629.515757108,13.881629515757107
광주광역시,서구,4.365413787291421,4,0.050743734992614135,6192,247014.0,0.20977588412253642,0.41011804706367644,-0.6065201442753649,1,성장형 대도시,-0.07667409464839614,1.0,1.0436541378729143,6462.306421709085,6744.412837219393,100000000,13096241.361874262,13.096241361874261
대구광역시,군위군,4.444444444444445,2,0.334108892485891,470,17367.0,0.25343522956464026,-1.7920375534738906,1.2602228192313367,0,포화형 소도시,0.2470557088236126,1.2,1.0444444444444445,589.0666666666666,615.2474074074074,50000000,8000000.000000001,16.000000000000004
대구광역시,남구,4.820333041191937,4,0.08067524006729952,3588,122183.0,0.46108945748495694,0.41011804706367644,-0.40933843365288036,1,성장형 대도시,0.1027240189455659,1.0,1.0482033304119194,3760.9535495179666,3942.244036129262,100000000,14460999.12357581,14.46099912357581
대구광역시,달서구,3.5541945063103193,4,0.030200679305538637,11159,488750.0,-0.23837049468172816,0.41011804706367644,-0.7418529600386593,1,성장형 대도시,-0.3100657724754197,1.0,1.0355419450631032,11555.612564959169,11966.321511913451,100000000,10662583.518930959,10.662583518930958
대구광역시,달성군,5.517404688609993,4,0.0777387758013008,4456,209964.0,0.8461766242738373,0.41011804706367644,-0.42868316909824666,1,성장형 대도시,0.24902099148297155,1.0,1.0551740468861,4701.855552924461,4961.275951653185,100000000,16552214.06582998,16.55221406582998
대구광역시,동구,3.2520325203252036,4,0.03349327824190143,5715,287258.0,-0.4052955210047763,0.41011804706367644,-0.7201620932063434,1,성장형 대도시,-0.36815943627171255,1.0,1.032520325203252,5900.853658536585,6092.7513384889935,100000000,9756097.560975611,9.756097560975611
대구광역시,북구,4.360273067606254,4,0.03659792090756048,9478,372628.0,0.20693596775791437,0.41011804706367644,-0.6997094380472163,1,성장형 대도시,-0.11508577870298548,1.0,1.0436027306760625,9891.26668134772,10322.552918499636,100000000,13080819.202818763,13.080819202818764
대구광역시,서구,4.035087719298246,4,0.07298508248914332,4151,150462.0,0.027292017347627564,0.41011804706367644,-0.459999381788755,1,성장형 대도시,-0.09105933636371569,1.0,1.0403508771929824,4318.49649122807,4492.75161280394,100000000,12105263.157894738,12.105263157894738
대구광역시,수성구,4.395292783212818,4,0.029967883082292382,7363,339829.0,0.22628210400464668,0.41011804706367644,-0.7433865667654714,1,성장형 대도시,-0.12481817569159459,1.0,1.0439529278321282,7686.62540762796,8024.475099442036,100000000,13185878.34963845,13.18587834963845
대구광역시,중구,3.6124794745484397,4,0.1728988000658871,4417,76948.0,-0.20617180553932388,0.41011804706367644,0.19820867347861687,1,성장형 대도시,0.0788383565884525,1.2,1.0361247947454844,5491.875862068966,5690.268750353887,100000000,13004926.108374383,13.004926108374384
대전광역시,대덕구,3.1741650565829422,4,0.0805943542555242,3738,151570.0,-0.4483122770421365,0.41011804706367644,-0.40987129034321884,1,성장형 대도시,-0.26124981754140686,1.0,1.0317416505658294,3856.65028981507,3979.066735668985,100000000,9522495.169748826,9.522495169748826
대전광역시,동구,2.5646694671678087,4,0.054225733440742135,4639,206642.0,-0.7850193150740965,0.41011804706367644,-0.5835815580374347,1,성장형 대도시,-0.46541673983187726,1.0,1.025646694671678,4757.975016581914,4880.001349087663,100000000,7694008.401503426,7.694008401503425
대전광역시,서구,3.6322237883551987,4,0.03167921096690666,9558,407719.0,-0.19526434445953694,0.41011804706367644,-0.7321127414472254,1,성장형 대도시,-0.2889272249499697,1.0,1.036322237883552,9905.167949690991,10264.9458162362,100000000,10896671.365065597,10.896671365065597
대전광역시,유성구,4.693140794223827,4,0.04835626040028364,7540,323498.0,0.3908239371415566,0.41011804706367644,-0.6222482649632083,1,성장형 대도시,-0.010546121715925366,1.0,1.0469314079422383,7893.862815884477,8264.332911936817,100000000,14079422.38267148,14.079422382671481
대전광역시,중구,2.9314696175499906,4,0.05789669918491232,5302,197364.0,-0.5823858681226994,0.41011804706367644,-0.5593980997293454,1,성장형 대도시,-0.37468997772808266,1.0,1.0293146961755,5457.426519122501,5617.409319430694,100000000,8794408.852649972,8.794408852649973
부산광역시,강서구,4.862385321100918,4,0.14305655068419748,3429,116357.0,0.48432063233928385,0.41011804706367644,0.0016149583539793945,1,성장형 대도시,0.2763978456900406,1.2,1.0486238532110093,4314.877431192661,4524.683398030469,100000000,17504587.1559633,17.504587155963304
부산광역시,금정구,2.1333885666942836,4,0.06060327332400732,4931,200407.0,-1.023274221393508,0.41011804706367644,-0.5415678263320782,1,성장형 대도시,-0.5439132096774992,1.0,1.021333885666943,5036.197390223695,5143.639049542884,100000000,6400165.70008285,6.40016570008285
부산광역시,기장군,3.7360890302066774,4,0.1718116389724444,3915,125201.0,-0.13788549128056066,0.41011804706367644,0.19104671207399157,1,성장형 대도시,0.10328809773010765,1.2,1.0373608903020668,4873.52146263911,5055.6005633895375,100000000,13449920.508744039,13.44992050874404
부산광역시,남구,3.7431991294885747,4,0.047990235965181496,4767,226787.0,-0.13395761959305905,0.41011804706367644,-0.6246595477925542,1,성장형 대도시,-0.22142325754151002,1.0,1.0374319912948857,4945.438302502721,5130.555905991398,100000000,11229597.388465723,11.229597388465724
부산광역시,동구,3.3151680290644867,4,0.13110914591468223,2275,73215.0,-0.3704172207981348,0.41011804706367644,-0.07709173227430705,1,성장형 대도시,-0.09697997181624146,1.2,1.0331516802906449,2820.5040871934602,2914.008536950555,100000000,11934604.904632151,11.93460490463215
부산광역시,동래구,3.9819684447783623,4,0.06290165707689091,5536,220026.0,-0.0020529588861781605,0.41011804706367644,-0.5264266151257027,1,성장형 대도시,-0.12936822019201705,1.0,1.0398196844477836,5756.44177310293,5985.661468049929,100000000,11945905.334335087,11.945905334335087
부산광역시,부산진구,3.94879845429296,4,0.048893003444150845,8608,292455.0,-0.020377241197400968,0.41011804706367644,-0.6187123281203942,1,성장형 대도시,-0.1736122183143828,1.0,1.0394879845429297,8947.912570945538,9301.247604238522,100000000,11846395.36287888,11.84639536287888
부산광역시,북구,3.4669289402507992,4,0.048229596720112344,4208,235809.0,-0.28657909664762415,0.41011804706367644,-0.6230826954760607,1,성장형 대도시,-0.2818411074367387,1.0,1.034669289402508,4353.888369805754,4504.834585724764,100000000,10400786.820752397,10.400786820752398
부산광역시,사상구,2.0947393477743397,4,0.072331111828857,4289,187056.0,-1.04462542434031,0.41011804706367644,-0.4643075865773352,1,성장형 대도시,-0.5215495949543227,1.0,1.0209473934777433,4378.843370626041,4470.568725687953,100000000,6284218.043323019,6.284218043323018
부산광역시,사하구,3.9696788350289247,4,0.046526257408483,5212,256345.0,-0.008842176345934708,0.41011804706367644,-0.6343038939557075,1,성장형 대도시,-0.17523481870792162,1.0,1.0396967883502892,5418.899660881707,5634.012573811182,100000000,11909036.505086774,11.909036505086775
부산광역시,서구,2.981171548117155,4,0.08695849950878827,1969,86095.0,-0.5549287542134769,0.41011804706367644,-0.36794579930769117,1,성장형 대도시,-0.28712621199573196,1.2,1.0298117154811715,2433.2391213389114,2505.7781537219225,100000000,10732217.573221758,10.732217573221758
부산광역시,수영구,5.159406181552689,4,0.09253939911497555,4321,146375.0,0.6484055180927438,0.41011804706367644,-0.3311801462469947,1,성장형 대도시,0.2089137581510349,1.2,1.0515940618155268,5452.72552932587,5734.05378734901,100000000,18573862.253589682,18.57386225358968
부산광역시,연제구,4.4188722669735325,4,0.08233421659782314,4537,164002.0,0.23930824935052447,0.41011804706367644,-0.39840948673374055,1,성장형 대도시,0.018383114459448846,1.0,1.0441887226697353,4737.484234752589,4946.827611754315,100000000,13256616.800920594,13.256616800920595
부산광역시,영도구,4.044704630122405,4,0.10301549268700659,1955,84722.0,0.03260474087648439,0.41011804706367644,-0.26216610749351554,1,성장형 대도시,-0.00980093723407717,1.2,1.040447046301224,2440.8887706226715,2539.6155117441845,100000000,14560936.668440659,14.560936668440657
부산광역시,중구,2.433936022253129,4,0.3317529460810248,2946,38442.0,-0.8572411190926887,0.41011804706367644,1.2447023988218964,1,성장형 대도시,0.23700812130441834,1.2,1.0243393602225312,3621.2445062586926,3709.3832807503854,100000000,8762169.680111265,8.762169680111265
부산광역시,해운대구,1.5671325709445152,4,0.03863207734260025,7194,322177.0,-1.3360941702297262,0.41011804706367644,-0.6863088942211023,1,성장형 대도시,-0.7269376163675962,1.0,1.0156713257094452,7306.739517153749,7421.24581200114,100000000,4701397.712833546,4.701397712833546
서울특별시,강남구,3.519923450208461,4,0.03673664096100297,15146,525205.0,-0.2573030447947763,0.41011804706367644,-0.6987955829848937,1,성장형 대도시,-0.30041584169913277,1.0,1.0351992345020846,15679.127605768574,16231.02089515213,100000000,10559770.350625385,10.559770350625385
서울특별시,강동구,4.496402877697841,4,0.028938515683715565,6391,390190.0,0.2821389158018455,0.41011804706367644,-0.7501677969108963,1,성장형 대도시,-0.10518794303088502,1.0,1.0449640287769784,6678.365107913669,6978.651308809067,100000000,13489208.633093525,13.489208633093524
서울특별시,강북구,4.076252281484486,4,0.050768466609296584,5132,262562.0,0.05003278536353987,0.41011804706367644,-0.6063572182056021,1,성장형 대도시,-0.14050616372408958,1.0,1.040762522814845,5341.193267085784,5558.913779493864,100000000,12228756.844453458,12.228756844453457
서울특별시,강서구,6.059519541054141,4,0.02711350496886755,8874,505859.0,1.1456601470582433,0.41011804706367644,-0.7621905379578356,1,성장형 대도시,0.2354114530528984,1.0,1.0605951954105415,9411.721764073145,9982.026883516803,100000000,18178558.623162422,18.178558623162424
서울특별시,관악구,6.0732984293193715,4,0.022770973460239364,7091,494294.0,1.1532720949307638,0.41011804706367644,-0.7907981134595279,1,성장형 대도시,0.22701320200122965,1.0,1.0607329842931936,7521.657591623036,7978.470303993859,100000000,18219895.287958115,18.219895287958117
서울특별시,광진구,3.5578355121628333,4,0.034811112334524975,6258,346378.0,-0.23635907356999633,0.41011804706367644,-0.7114805123753176,1,성장형 대도시,-0.2971122249653903,1.0,1.0355783551216284,6480.649346351151,6711.220190214381,100000000,10673506.5364885,10.6735065364885
서울특별시,구로구,4.49497620306716,4,0.02739038761238116,5928,425199.0,0.2813507700014911,0.41011804706367644,-0.7603665002706743,1,성장형 대도시,-0.10958268269493804,1.0,1.0449497620306716,6194.462189317821,6472.90179063565,100000000,13484928.60920148,13.48492860920148
서울특별시,금천구,6.18860510805501,4,0.05916826253806477,4324,252871.0,1.2169716047166104,0.41011804706367644,-0.5510213396394722,1,성장형 대도시,0.3484037154435905,1.0,1.0618860510805501,4591.595284872299,4875.750985213119,100000000,18565815.324165028,18.565815324165026
서울특별시,노원구,4.909510974201002,4,0.022324153759298998,5449,428220.0,0.5103545189599846,0.41011804706367644,-0.79374165648389,1,성장형 대도시,-0.03133124559682687,1.0,1.04909510974201,5716.5192529842125,5997.172393051786,100000000,14728532.922603004,14.728532922603005
서울특별시,도봉구,5.255800950517194,4,0.03454568628474137,3765,270437.0,0.7016574163894299,0.41011804706367644,-0.7132290767194596,1,성장형 대도시,0.07739494528072344,1.0,1.0525580095051719,3962.880905786972,4171.162038101188,100000000,15767402.851551581,15.767402851551582
서울특별시,동대문구,4.9260161078853715,4,0.0343046160994417,5602,357334.0,0.5194725417507952,0.41011804706367644,-0.7148171903608839,1,성장형 대도시,0.003885749968699781,1.0,1.0492601610788537,5877.955422363738,6167.504453283697,100000000,14778048.323656112,14.778048323656112
서울특별시,동작구,2.81214848143982,4,0.02643866333662156,4570,370929.0,-0.6483031069214521,0.41011804706367644,-0.7666362357974033,1,성장형 대도시,-0.4839521276748069,1.0,1.0281214848143982,4698.5151856018,4830.644409043921,100000000,8436445.44431946,8.43644544431946
서울특별시,마포구,4.980387495542613,4,0.04221863436064133,8832,358828.0,0.5495092298084144,0.41011804706367644,-0.6626815007339456,1,성장형 대도시,0.03675470104252282,1.0,1.0498038749554262,9271.867823606324,9733.642769296453,100000000,14941162.48662784,14.94116248662784
서울특별시,서대문구,3.051989054935803,4,0.035992700891980874,4896,307060.0,-0.5158066450861635,0.41011804706367644,-0.703696485062633,1,성장형 대도시,-0.4057776426467833,1.0,1.030519890549358,5045.425384129657,5199.411214628247,100000000,9155967.164807409,9.155967164807409
서울특별시,서초구,2.362846279196089,4,0.03331487240960735,7538,375856.0,-0.8965136211991571,0.41011804706367644,-0.7213373888391222,1,성장형 대도시,-0.5651167946025765,1.0,1.023628462791961,7716.1113525258015,7898.431202517585,100000000,7088538.837588267,7.088538837588268
서울특별시,성동구,4.570013507429086,4,0.03612081007351459,4645,273609.0,0.32280404535308366,0.41011804706367644,-0.7028525319270245,1,성장형 대도시,-0.06999578521684102,1.0,1.045700135074291,4857.277127420081,5079.255348236443,100000000,13710040.522287257,13.710040522287256
서울특별시,성북구,5.553287055941201,4,0.021777530020346193,5170,413590.0,0.8659993200102568,0.41011804706367644,-0.7973426850203644,1,성장형 대도시,0.10948626340869222,1.0,1.055532870559412,5457.10494079216,5760.153643098299,100000000,16659861.167823602,16.6598611678236
서울특별시,송파구,6.955861894523839,4,0.01768904094199119,8457,592432.0,1.6408315381900267,0.41011804706367644,-0.8242766887839509,1,성장형 대도시,0.4086455491751657,1.0,1.0695586189452384,9045.25724041988,9674.432842067905,100000000,20867585.683571517,20.86758568357152
서울특별시,양천구,4.580324909747293,4,0.02219657763253027,4635,376245.0,0.3285004306802539,0.41011804706367644,-0.7945820979801689,1,성장형 대도시,-0.1044090575072307,1.0,1.045803249097473,4847.298059566787,5069.320060038822,100000000,13740974.72924188,13.74097472924188
서울특별시,영등포구,5.5363764224523715,4,0.0339331522984173,8254,427492.0,0.8566572847073735,0.41011804706367644,-0.7172643064526927,1,성장형 대도시,0.13778080071460758,1.0,1.0553637642245237,8710.97250990922,9193.244738114141,100000000,16609129.267357115,16.609129267357115
서울특별시,용산구,3.1003039513677813,4,0.046832538596137396,5088,232639.0,-0.4891157781579172,0.41011804706367644,-0.6322861855791161,1,성장형 대도시,-0.36653717608207803,1.0,1.0310030395136778,5245.7434650455925,5408.377456971018,100000000,9300911.854103344,9.300911854103344
서울특별시,은평구,5.937157471684326,4,0.02896403527398946,5799,396463.0,1.0780629885874053,0.41011804706367644,-0.7499996798565739,1,성장형 대도시,0.21324893290506797,1.0,1.0593715747168433,6143.295761782974,6508.032905111339,100000000,17811472.41505298,17.811472415052982
서울특별시,종로구,4.093110451491954,4,0.08152088534984903,6663,167487.0,0.059345837973651235,0.41011804706367644,-0.40376752156620516,1,성장형 대도시,-0.05574506402428628,1.0,1.0409311045149194,6935.723949382908,7219.61079124173,100000000,12279331.354475863,12.279331354475863
서울특별시,중구,5.236947791164659,4,0.08883613596357726,6551,151422.0,0.6912422607207434,0.41011804706367644,-0.35557637227224426,1,성장형 대도시,0.21628996479213494,1.2,1.0523694779116466,8272.886939759037,8706.133709616297,100000000,18853012.04819277,18.85301204819277
서울특별시,중랑구,4.20102080879466,4,0.033782901780948275,5308,339354.0,0.11895935677734033,0.41011804706367644,-0.7182541214981617,1,성장형 대도시,-0.1576942964755933,1.0,1.0420102080879465,5530.99018453082,5763.34823311535,100000000,12603062.426383981,12.603062426383982
울산광역시,남구,2.4489335289470717,4,0.07282935313992228,9078,267484.0,-0.8489559630645253,0.41011804706367644,-0.4610252900882845,1,성장형 대도시,-0.44196889184838867,1.0,1.0244893352894706,9300.314185757814,9528.072698150258,100000000,7346800.586841214,7.346800586841215
울산광역시,동구,3.3605812897366025,4,0.09856794973900714,3414,132705.0,-0.345329320649498,0.41011804706367644,-0.2914654736418354,1,성장형 대도시,-0.1726943083037981,1.2,1.033605812897366,4234.476294277929,4376.779312341765,100000000,12098092.64305177,12.09809264305177
울산광역시,북구,5.194123819517314,4,0.09125924420869062,4010,170313.0,0.6675847759078037,0.41011804706367644,-0.3396135054667593,1,성장형 대도시,0.2132121175891531,1.2,1.0519412381951732,5061.941238195172,5324.864733778238,100000000,18698845.750262327,18.69884575026233
울산광역시,울주군,3.8607835678965383,4,0.0927537023520953,5461,191157.0,-0.06899979436418656,0.41011804706367644,-0.32976836696019407,1,성장형 대도시,-0.07748365511701698,1.2,1.0386078356789654,6806.204868771396,7068.977707942297,100000000,13898820.844427537,13.898820844427537
울산광역시,중구,3.6406067677946323,4,0.07450644971515921,4441,171774.0,-0.1906332885077735,0.41011804706367644,-0.44997697257938607,1,성장형 대도시,-0.17422049502212855,1.0,1.0364060676779463,4602.679346557759,4770.244802348427,100000000,10921820.303383898,10.921820303383898
인천광역시,강화군,5.206073752711497,4,0.19178458123144682,1940,52412.0,0.6741863439591068,0.41011804706367644,0.32262375475752275,1,성장형 대도시,0.48074764889938715,1.2,1.052060737527115,2449.1973969631235,2576.7044197985138,100000000,18741865.509761386,18.741865509761386
인천광역시,계양구,3.9850850617571663,4,0.05139587960776673,4462,237203.0,-0.00033122883621967974,0.41011804706367644,-0.6022239690423398,1,성장형 대도시,-0.15899846973868847,1.0,1.0398508506175717,4639.814495455605,4824.71504980725,100000000,11955255.185271498,11.955255185271497
인천광역시,남동구,4.712578258394991,4,0.03327089070601376,9199,434047.0,0.4015618835706775,0.41011804706367644,-0.7216271299506712,1,성장형 대도시,-0.04600248913926222,1.0,1.04712578258395,9632.510073989755,10086.449649474303,100000000,14137734.775184974,14.137734775184974
인천광역시,동구,3.7037037037037033,4,0.09423948525046878,896,53414.0,-0.1557762973042401,0.41011804706367644,-0.3199803789260509,1,성장형 대도시,-0.10827906107938114,1.2,1.037037037037037,1115.0222222222221,1156.3193415637859,100000000,13333333.333333332,13.333333333333334
인천광역시,미추홀구,5.233069481090589,4,0.031571012085114286,7179,372774.0,0.6890997443181839,0.41011804706367644,-0.7328255302143128,1,성장형 대도시,0.06453329505428368,1.0,1.052330694810906,7554.682058047493,7950.023819220603,100000000,15699208.443271765,15.699208443271765
인천광역시,부평구,5.509444762449914,4,0.02490555851395623,7373,452658.0,0.8417792779979025,0.41011804706367644,-0.7767359695308866,1,성장형 대도시,0.10804093279954163,1.0,1.0550944476244992,7779.211362335433,8207.802715297532,100000000,16528334.287349742,16.52833428734974
인천광역시,서구,7.192818838890185,4,0.026663488506427073,9195,492648.0,1.7717349807485814,0.41011804706367644,-0.7651551404945567,1,성장형 대도시,0.4846555455143453,1.0,1.0719281883889018,9856.37969223595,10565.331227571643,100000000,21578456.516670555,21.578456516670556
인천광역시,연수구,7.098312545854732,4,0.033817320445028755,5839,345326.0,1.7195263437117116,0.41011804706367644,-0.7180273794401264,1,성장형 대도시,0.48262319512136936,1.0,1.0709831254585473,6253.470469552458,6697.361348444021,100000000,21294937.637564193,21.294937637564193
인천광역시,옹진군,2.9654036243822075,4,0.5888316073501259,625,13104.0,-0.5636395160121023,0.41011804706367644,2.938276112108095,1,성장형 대도시,1.0318782478511324,1.2,1.029654036243822,772.2405271828666,795.1405757648955,100000000,10675453.047775947,10.675453047775948
인천광역시,중구,6.460602989612364,4,0.0957560909601738,4202,142014.0,1.367232907079811,0.41011804706367644,-0.3099893374654468,1,성장형 대도시,0.504921037258481,1.2,1.0646060298961237,5368.1694451482135,5714.985560808917,100000000,23258170.76260451,23.258170762604507
전라남도,강진군,2.342606149341142,4,0.29764185892031375,699,26094.0,-0.907694988695813,0.41011804706367644,1.0199865851413386,1,성장형 대도시,0.12694024799094555,1.2,1.0234260614934114,858.4497803806735,878.5598777248766,100000000,8433382.137628112,8.433382137628112
전라남도,고흥군,2.5510204081632653,4,0.1482054604495418,1206,49618.0,-0.7925595406461196,0.41011804706367644,0.03553476401821497,1,성장형 대도시,-0.22078630123842655,1.2,1.0255102040816326,1484.1183673469386,1521.9785297792585,100000000,9183673.469387755,9.183673469387754
전라남도,곡성군,5.07399577167019,4,0.2775344000259107,497,20121.0,0.6012217703707495,0.41011804706367644,0.8875233785242098,1,성장형 대도시,0.6775216689707191,1.2,1.0507399577167018,626.661310782241,658.4580791940249,100000000,18266384.77801268,18.266384778012682
전라남도,광양시,5.1005100510051005,4,0.15871914061310627,3503,115552.0,0.6158692011568795,0.41011804706367644,0.10479641439017225,1,성장형 대도시,0.370289855631556,1.2,1.051005100510051,4418.00504050405,4643.34583164887,100000000,18361836.183618363,18.36183618361836
전라남도,구례군,0.9985734664764622,4,0.5268131524707388,708,18410.0,-1.6501864382234024,0.41011804706367644,2.529713128296648,0,포화형 소도시,0.4338342854420336,1.2,1.0099857346647647,858.0838801711841,866.6524781186853,50000000,1797432.2396576316,3.594864479315263
전라남도,나주시,5.329838357361293,4,0.09750983106168995,2411,93658.0,0.7425583127945465,0.41011804706367644,-0.29843611044457546,1,성장형 대도시,0.2596724903527238,1.2,1.053298383573613,3047.4028833551774,3209.824531135576,100000000,19187418.086500656,19.187418086500656
전라남도,담양군,5.458290422245108,4,0.2353396498127625,1024,34533.0,0.8135198013553112,0.41011804706367644,0.6095542952603789,1,성장형 대도시,0.6512532480590114,1.2,1.054582904222451,1295.8714727085478,1366.603901188005,100000000,19649845.520082384,19.649845520082383
전라남도,목포시,3.5720696463830555,4,0.059909860267986254,5770,182754.0,-0.2284956316428129,0.41011804706367644,-0.5461358683404247,1,성장형 대도시,-0.22782899058055978,1.0,1.0357206964638306,5976.108418596303,6189.579173451923,100000000,10716208.939149167,10.716208939149167
전라남도,무안군,5.3946621237932995,4,0.1704353447642556,1856,64820.0,0.778369266587241,0.41011804706367644,0.18198000976104958,1,성장형 대도시,0.4661633199520515,1.2,1.053946621237933,2347.349914821124,2473.981511588873,100000000,19420783.645655878,19.420783645655877
전라남도,보성군,4.010349288486417,4,0.26245639600361176,804,30033.0,0.013625628437081814,0.41011804706367644,0.7881930368500749,1,성장형 대도시,0.40275107552759803,1.2,1.0401034928848643,1003.491849935317,1043.7353781992172,100000000,14437257.438551098,14.437257438551098
전라남도,순천시,3.969465648854962,4,0.05444950827536579,6129,225126.0,-0.008959947969603562,0.41011804706367644,-0.5821073820955549,1,성장형 대도시,-0.15440332261332812,1.0,1.0396946564885496,6372.288549618321,6625.2343546413385,100000000,11908396.946564887,11.908396946564887
전라남도,신안군,1.5649452269170578,4,0.24175617046305806,649,25089.0,-1.3373025368552316,0.41011804706367644,0.6518248230842482,1,성장형 대도시,-0.1921674760956581,1.2,1.0156494522691706,790.98779342723,803.366319145966,100000000,5633802.816901408,5.633802816901408
전라남도,여수시,4.608938547486034,4,0.05182049448359651,6741,227419.0,0.34430762170451723,0.41011804706367644,-0.5994267061795817,1,성장형 대도시,-0.020024024377290506,1.0,1.0460893854748603,7051.688547486033,7376.696539199775,100000000,13826815.6424581,13.8268156424581
전라남도,영광군,3.64741641337386,4,0.24805448178436282,1023,37154.0,-0.18687139813014284,0.41011804706367644,0.6933166156709892,1,성장형 대도시,0.28460169642907385,1.2,1.0364741641337385,1272.3756838905774,1318.7845234245801,100000000,13130699.088145897,13.130699088145898
전라남도,영암군,6.993006993006993,4,0.1665105177103117,1224,57881.0,1.6613518115191088,0.41011804706367644,0.15612417289407576,1,성장형 대도시,0.8090140031780092,1.2,1.06993006993007,1571.5132867132868,1681.409320749181,100000000,25174825.174825173,25.174825174825173
전라남도,완도군,3.281519861830743,4,0.2540384898049001,1196,38276.0,-0.38900566494971534,0.41011804706367644,0.7327378520880696,1,성장형 대도시,0.21951648426807702,1.2,1.0328151986183074,1482.2963730569945,1530.9382229500566,100000000,11813471.502590675,11.813471502590675
전라남도,장성군,4.285714285714286,4,0.20834998230452206,730,31852.0,0.16574704523559436,0.41011804706367644,0.4317527181219169,1,성장형 대도시,0.3210235147557398,1.2,1.042857142857143,913.5428571428572,952.6946938775511,100000000,15428571.42857143,15.42857142857143
전라남도,장흥군,1.7789072426937738,4,0.3191316431972767,801,28522.0,-1.2191023105785217,0.41011804706367644,1.1615562260286427,1,성장형 대도시,0.059005175592783676,1.2,1.0177890724269378,978.2988564167725,995.7018856287609,100000000,6404066.073697586,6.404066073697585
전라남도,진도군,7.453416149068323,4,0.32562683165092804,692,25604.0,1.9156982020630722,0.41011804706367644,1.2043449988254227,1,성장형 대도시,1.3300408897681333,1.2,1.0745341614906831,892.2931677018632,958.7994907603871,100000000,26832298.13664596,26.83229813664596
전라남도,함평군,4.710920770877944,4,0.2555883156939066,489,23051.0,0.4006462285238947,0.41011804706367644,0.7429477402710655,1,성장형 대도시,0.5394611969307194,1.2,1.0471092077087794,614.4436830835117,643.3896381752403,100000000,16959314.7751606,16.9593147751606
전라남도,해남군,6.289808917197452,4,0.1597185316806194,1335,55354.0,1.2728801878231797,0.41011804706367644,0.11138016752190946,1,성장형 대도시,0.6357277515507709,1.2,1.0628980891719746,1702.7627388535034,1809.8632614406267,100000000,22643312.101910826,22.643312101910826
전라남도,화순군,4.797047970479705,4,0.21140350713952075,1136,48851.0,0.4482259563767638,0.41011804706367644,0.45186862104396897,1,성장형 대도시,0.44206144038102846,1.2,1.047970479704797,1428.5933579335795,1497.1236666167401,100000000,17269372.693726934,17.269372693726933
전북특별자치도,고창군,0.0,1,0.1907047620418363,1060,42430.0,-2.20183393164864,-2.893115353742674,0.31551016008732147,0,포화형 소도시,-1.3331525793730623,1.2,1.0,1272.0,1272.0,50000000,0.0,0.0
전북특별자치도,군산시,0.0,1,0.0524005002339546,6055,223074.0,-2.20183393164864,-2.893115353742674,-0.595605764808905,0,포화형 소도시,-1.697598949331553,1.0,1.0,6055.0,6055.0,50000000,0.0,0.0
전북특별자치도,김제시,0.0,1,0.12279776030659838,1569,63253.0,-2.20183393164864,-2.893115353742674,-0.13184518445640714,0,포화형 소도시,-1.5120947171905539,1.2,1.0,1882.8,1882.8,50000000,0.0,0.0
전북특별자치도,남원시,0.0,1,0.13333396179549925,1867,61146.0,-2.20183393164864,-2.893115353742674,-0.06243516889385093,0,포화형 소도시,-1.4843307109655313,1.2,1.0,2240.4,2240.4,50000000,0.0,0.0
전북특별자치도,무주군,0.0,1,0.4746585508134881,607,17518.0,-2.20183393164864,-2.893115353742674,2.1861308879131327,0,포화형 소도시,-0.5849042882427379,1.2,1.0,728.4,728.4,50000000,0.0,0.0
전북특별자치도,부안군,0.0,1,0.2910826290064852,1438,36867.0,-2.20183393164864,-2.893115353742674,0.9767759222779884,0,포화형 소도시,-1.0686462744967957,1.2,1.0,1725.6,1725.6,50000000,0.0,0.0
전북특별자치도,순창군,0.0,1,0.4285705232204421,541,19724.0,-2.20183393164864,-2.893115353742674,1.8825138096092748,0,포화형 소도시,-0.706351119564281,1.2,1.0,649.2,649.2,50000000,0.0,0.0
전북특별자치도,완주군,0.0,1,0.11541337679735847,2028,82885.0,-2.20183393164864,-2.893115353742674,-0.18049176499457928,0,포화형 소도시,-1.5315533494058227,1.2,1.0,2433.6,2433.6,50000000,0.0,0.0
전북특별자치도,익산시,0.0,1,0.0481747485095596,5648,227209.0,-2.20183393164864,-2.893115353742674,-0.6234440225778681,0,포화형 소도시,-1.7087342524391382,1.0,1.0,5648.0,5648.0,50000000,0.0,0.0
전북특별자치도,임실군,0.0,1,0.39144904282025006,586,17407.0,-2.20183393164864,-2.893115353742674,1.637966233806295,0,포화형 소도시,-0.804170149885473,1.2,1.0,703.2,703.2,50000000,0.0,0.0
전북특별자치도,장수군,0.0,1,0.42719893836519146,423,15717.0,-2.20183393164864,-2.893115353742674,1.8734781314050755,0,포화형 소도시,-0.7099653908459608,1.2,1.0,507.6,507.6,50000000,0.0,0.0
전북특별자치도,전주시 덕진구,0.0,1,0.044336760059371594,5812,271966.0,-2.20183393164864,-2.893115353742674,-0.6487277871620106,0,포화형 소도시,-1.7188477582727952,1.0,1.0,5812.0,5812.0,50000000,0.0,0.0
전북특별자치도,전주시 완산구,0.0,1,0.0471409032659853,7436,290497.0,-2.20183393164864,-2.893115353742674,-0.6302547517122113,0,포화형 소도시,-1.7114585440928756,1.0,1.0,7436.0,7436.0,50000000,0.0,0.0
전북특별자치도,정읍시,0.0,1,0.0970414716540786,2166,86513.0,-2.20183393164864,-2.893115353742674,-0.3015215519868067,0,포화형 소도시,-1.5799652642027135,1.2,1.0,2599.2,2599.2,50000000,0.0,0.0
전북특별자치도,진안군,0.0,1,0.44912675586678336,431,17448.0,-2.20183393164864,-2.893115353742674,2.0179334320788254,0,포화형 소도시,-0.6521832705764607,1.2,1.0,517.2,517.2,50000000,0.0,0.0
제주특별자치도,제주시,-0.14534883720930233,4,0.03988162285489575,12366,412873.0,-2.2821297981127375,0.41011804706367644,-0.6780771824845796,1,성장형 대도시,-1.1020591828261916,1.0,0.998546511627907,12348.026162790697,12330.07845034478,100000000,-436046.51162790693,-0.436046511627907
충청남도,계룡시,5.540166204986149,4,0.24425519475024426,762,35451.0,0.8587508953485234,0.41011804706367644,0.6682878069069783,1,성장형 대도시,0.692839090314936,1.2,1.0554016620498614,965.0592797783931,1018.5251678547584,100000000,19944598.337950137,19.944598337950136
충청남도,공주시,1.9674612183125235,4,0.11679906928260754,2695,84211.0,-1.1149383892273244,0.41011804706367644,-0.17136314904438366,1,성장형 대도시,-0.432497005895948,1.2,1.0196746121831253,3297.6276958002272,3362.5072418394298,100000000,7082860.385925084,7.082860385925084
충청남도,금산군,2.202283849918434,4,0.24157537219091507,1253,42169.0,-0.9852140169365131,0.41011804706367644,0.6506337666208398,1,성장형 대도시,-0.051808490713533994,1.2,1.0220228384991843,1536.7135399673734,1570.5563340775848,100000000,7928221.859706361,7.928221859706361
충청남도,논산시,3.307607497243661,4,0.11860029376250635,2811,101723.0,-0.374593927438095,0.41011804706367644,-0.15949710611485768,1,성장형 대도시,-0.13161280400844577,1.2,1.0330760749724366,3484.772216097023,3600.034803178512,100000000,11907386.990077179,11.907386990077178
충청남도,당진시,5.123247945867569,4,0.09611264136429575,4350,140995.0,0.6284304228673937,0.41011804706367644,-0.30764046732234923,1,성장형 대도시,0.21033959163075305,1.2,1.0512324794586756,5487.433542774287,5768.568369035318,100000000,18443692.605123248,18.44369260512325
충청남도,보령시,1.3944954128440368,4,0.13351430973319317,2763,80523.0,-1.4314650755615375,0.41011804706367644,-0.06124707912780036,1,성장형 대도시,-0.5150612524629998,1.2,1.0139449541284404,3361.835889908257,3408.716537180372,100000000,5020183.486238533,5.020183486238532
충청남도,부여군,3.514132925897632,4,0.16339181634904545,1355,51509.0,-0.2605019363424941,0.41011804706367644,0.13557890235720443,1,성장형 대도시,0.03205439581861943,1.2,1.0351413292589764,1683.1398013750957,1742.287571324106,100000000,12650878.533231474,12.650878533231474
충청남도,서산시,4.479917610710608,4,0.07716935943612589,4058,148547.0,0.27303186808101815,0.41011804706367644,-0.43243435009170045,1,성장형 대도시,0.018262616608462345,1.0,1.044799176107106,4239.795056642636,4429.734382043207,100000000,13439752.832131824,13.439752832131823
충청남도,서천군,2.5795356835769563,4,0.21762289400141555,1193,41530.0,-0.7768066884681033,0.41011804706367644,0.4928404778681221,1,성장형 대도시,-0.031562874827257226,1.2,1.0257953568357696,1468.528632846088,1506.4098529538976,100000000,9286328.460877042,9.286328460877042
충청남도,아산시,5.8044806517311605,4,0.047423502867628725,7273,322869.0,1.004767595088663,0.41011804706367644,-0.6283930520504589,1,성장형 대도시,0.23257342662801694,1.0,1.0580448065173116,7695.159877800407,8141.823944027111,100000000,17413441.955193482,17.41344195519348
충청남도,예산군,2.860114404576183,4,0.17067650021019612,1978,64744.0,-0.6218050252516384,0.41011804706367644,0.18356868507950852,1,성장형 대도시,-0.09327092665611666,1.2,1.0286011440457619,2441.48767550702,2511.3170162001484,100000000,10296411.856474258,10.296411856474258
충청남도,천안시 동남구,5.545217714923707,4,0.06124863991196782,5672,230938.0,0.8615415290761542,0.41011804706367644,-0.5373163031468885,1,성장형 대도시,0.21171369978444157,1.0,1.0554521771492371,5986.524748790473,6318.490579668694,100000000,16635653.144771121,16.63565314477112
충청남도,천안시 서북구,5.7541512915129145,4,0.052022411670173824,9171,357585.0,0.976963866727986,0.41011804706367644,-0.5980965232785199,1,성장형 대도시,0.23357054679252173,1.0,1.057541512915129,9698.713214944648,10256.791846662518,100000000,17262453.874538742,17.262453874538743
충청남도,청양군,1.9858156028368796,4,0.31256045262579035,719,23715.0,-1.1047987745107914,0.41011804706367644,1.1182667691677555,1,성장형 대도시,0.08741080727552092,1.2,1.0198581560283688,879.9336170212766,897.407476082692,100000000,7148936.170212766,7.1489361702127665
충청남도,태안군,3.6585365853658534,4,0.24787562349277675,1955,50884.0,-0.18072821967429373,0.41011804706367644,0.6921383393428876,1,성장형 대도시,0.2865876572801728,1.2,1.0365853658536586,2431.829268292683,2520.7986317668056,100000000,13170731.70731707,13.170731707317069
충청남도,홍성군,3.79746835443038,4,0.16967394186225843,2460,84293.0,-0.10397736985248278,0.41011804706367644,0.17696406664979916,1,성장형 대도시,0.11121828813166185,1.2,1.0379746835443038,3064.1012658227846,3180.4595417401056,100000000,13670886.075949367,13.670886075949367
충청북도,괴산군,3.535911602209945,4,0.2858677887409583,937,30071.0,-0.24847062107011864,0.41011804706367644,0.9424217819962402,1,성장형 대도시,0.35960407378318393,1.2,1.0353591160220994,1164.1577900552486,1205.321380421843,100000000,12729281.767955802,12.729281767955802
충청북도,단양군,4.643628509719223,4,0.4796317378607137,969,22700.0,0.3634715904613479,0.41011804706367644,2.2188930736692676,1,성장형 대도시,1.1149694750649815,1.2,1.0464362850971922,1216.7961123110151,1273.2996034874445,100000000,16717062.634989202,16.7170626349892
충청북도,보은군,0.36855036855036855,4,0.37974883588621855,817,23642.0,-1.9982336019411508,0.41011804706367644,1.560888024336615,0,포화형 소도시,-0.09291462162907904,1.2,1.0036855036855037,984.0132678132678,987.6398523383781,50000000,663390.6633906635,1.3267813267813269
충청북도,영동군,2.799227799227799,4,0.24328554733080346,1065,35303.0,-0.6554409512512798,0.41011804706367644,0.6618999979281468,1,성장형 대도시,0.08460722808348214,1.2,1.0279922779922779,1313.7741312741312,1350.54966197582,100000000,10077220.077220077,10.077220077220076
충청북도,옥천군,3.546099290780142,4,0.2907353014387415,1168,37900.0,-0.24284257961676742,0.41011804706367644,0.9744878100102237,1,성장형 대도시,0.3746817015701178,1.2,1.0354609929078014,1451.3021276595744,1502.7667421155875,100000000,12765957.44680851,12.76595744680851
충청북도,음성군,3.479471120389701,4,0.1323093815092523,2974,102171.0,-0.279650350323003,0.41011804706367644,-0.06918486266996218,1,성장형 대도시,-0.05751047578445079,1.2,1.034794711203897,3692.975365344468,3821.4713766647355,100000000,12526096.033402923,12.526096033402922
충청북도,제천시,4.511486299474122,4,0.09432453329902078,3776,110281.0,0.29047153437674217,0.41011804706367644,-0.3194201023994699,1,성장형 대도시,0.0704441822036442,1.2,1.0451148629947413,4735.624467201771,4949.271516234124,100000000,16241350.67810684,16.24135067810684
충청북도,증평군,5.8766859344894025,4,0.7276709629490338,1099,32134.0,1.0446563609960873,0.41011804706367644,3.852917108957594,1,성장형 대도시,2.0410529973942078,1.2,1.058766859344894,1396.301734104046,1478.35800171517,100000000,21156069.36416185,21.15606936416185
충청북도,진천군,7.049608355091384,4,0.19934142778378683,2460,80134.0,1.6926204167510148,0.41011804706367644,0.37240648123198455,1,성장형 대도시,0.9080343686059352,1.2,1.0704960835509139,3160.1044386422973,3382.8794251784384,100000000,25378590.078328986,25.378590078328983
충청북도,청주시 상당구,4.1099053336411915,4,0.08954217319191932,4509,157363.0,0.06862392812027877,0.41011804706367644,-0.3509251651879273,1,성장형 대도시,-0.030896885414324143,1.2,1.041099053336412,5633.178757792658,5864.697072012721,100000000,14795659.20110829,14.795659201108291
충청북도,청주시 서원구,3.456669912366115,4,0.07934034384611557,4250,170053.0,-0.292246548475215,0.41011804706367644,-0.41813241577104515,1,성장형 대도시,-0.20212797628576878,1.0,1.034566699123661,4396.908471275559,4548.895083476418,100000000,10370009.737098346,10.370009737098346
충청북도,청주시 청원구,4.68922804689228,4,0.1141916201976579,4733,169175.0,0.38866239637333433,0.41011804706367644,-0.18854040991544618,1,성장형 대도시,0.16207240399589054,1.2,1.046892280468923,5945.929396151294,6224.747585044034,100000000,16881220.968812212,16.88122096881221
충청북도,청주시 흥덕구,5.624704584843233,4,0.07709456527014033,6704,235022.0,0.9054529026739806,0.41011804706367644,-0.4329270764533323,1,성장형 대도시,0.2710339399009946,1.0,1.0562470458484323,7081.080195367891,7479.370037773175,100000000,16874113.754529696,16.874113754529695
충청북도,충주시,4.45125247792395,4,0.05860590979729433,5796,183484.0,0.25719622936105635,0.41011804706367644,-0.5547259871378748,1,성장형 대도시,-0.036988293697992114,1.0,1.0445125247792395,6053.994593620471,6323.473177982384,100000000,13353757.43377185,13.35375743377185
